"Time (s)","Linear Acceleration x (m/s^2)","Linear Acceleration y (m/s^2)","Linear Acceleration z (m/s^2)","Absolute acceleration (m/s^2)"
9.660794400E-2,-1.330000013E-1,-1.720000058E-1,-2.782999992E0,2.791480245E0
1.015888880E-1,-3.000000026E-3,-7.800000161E-2,-2.634000063E0,2.635156415E0
1.065700390E-1,1.519999951E-1,-1.700000092E-2,-2.614000082E0,2.618470818E0
1.115510410E-1,3.389999866E-1,-2.800000086E-2,-2.588000059E0,2.610258473E0
1.165319350E-1,5.460000038E-1,-8.100000024E-2,-2.618999958E0,2.676534660E0
1.215130870E-1,7.160000205E-1,-1.199999973E-1,-2.642999887E0,2.740894824E0
1.264940260E-1,7.770000100E-1,-1.180000007E-1,-2.457000017E0,2.579632164E0
1.314750240E-1,6.930000186E-1,-8.299999684E-2,-2.137000084E0,2.248089719E0
1.364561780E-1,4.889999926E-1,-1.000000047E-3,-1.725999951E0,1.793933618E0
1.414370890E-1,2.590000033E-1,4.800000042E-2,-1.174000025E0,1.203187874E0
1.464180870E-1,6.700000167E-2,2.099999972E-2,-3.919999897E-1,3.982386121E-1
1.513992410E-1,-7.800000161E-2,-1.499999966E-2,5.730000138E-1,5.784790541E-1
1.563801700E-1,-1.650000066E-1,0.000000000E0,1.531000018E0,1.539865597E0
1.613611680E-1,-2.029999942E-1,3.099999949E-2,2.500000000E0,2.508419821E0
1.663423510E-1,-2.099999934E-1,4.699999839E-2,3.321000099E0,3.327964942E0
1.713233530E-1,-1.959999949E-1,4.800000042E-2,3.990999937E0,3.996098159E0
1.763042810E-1,-6.700000167E-2,2.590000033E-1,4.471000195E0,4.478996845E0
1.812854330E-1,4.699999839E-2,4.289999902E-1,4.756999969E0,4.776536266E0
1.862664250E-1,6.899999827E-2,5.220000148E-1,4.946000099E0,4.973948331E0
1.912473480E-1,-1.630000025E-1,5.580000281E-1,4.811999798E0,4.846986186E0
1.962285000E-1,-6.359999776E-1,5.540000200E-1,4.547999859E0,4.625550206E0
2.012094000E-1,-1.090000033E0,5.699999928E-1,4.164000034E0,4.341877054E0
2.061903980E-1,-1.376999974E0,6.690000296E-1,3.805000067E0,4.101428468E0
2.111715520E-1,-1.373000026E0,7.360000014E-1,3.723000050E0,4.035784241E0
2.161524720E-1,-1.159000039E0,7.200000286E-1,3.911999941E0,4.143117747E0
2.211334700E-1,-6.949999928E-1,7.269999981E-1,4.381999969E0,4.495940137E0
2.261146340E-1,3.200000152E-2,8.880000114E-1,5.052999973E0,5.130533769E0
2.310955590E-1,8.489999771E-1,1.250000000E0,5.778999805E0,5.973285504E0
2.360765570E-1,1.582999945E0,1.666000009E0,6.577000141E0,6.966948809E0
2.410577440E-1,2.226000071E0,1.993000031E0,7.440999985E0,8.018454103E0
2.460386690E-1,2.638000011E0,2.180999994E0,8.170000076E0,8.858030610E0
2.510196670E-1,2.694000006E0,2.335000038E0,8.762000084E0,9.459519368E0
2.560008360E-1,2.303999901E0,2.608999968E0,9.201999664E0,9.838297322E0
2.609817610E-1,1.546000004E0,2.944999933E0,9.480999947E0,1.004751216E1
2.659627490E-1,5.709999800E-1,3.296999931E0,9.661000252E0,1.022404887E1
2.709439030E-1,-4.440000057E-1,3.704999924E0,9.767000198E0,1.045554653E1
2.759249050E-1,-1.036000013E0,4.084000111E0,9.840000153E0,1.070410930E1
2.809058190E-1,-8.870000243E-1,4.263999939E0,1.001000023E1,1.091643573E1
2.858869710E-1,-2.300000004E-2,4.211999893E0,1.036699963E1,1.119000238E1
2.908678960E-1,1.067000031E0,4.078999996E0,1.074499989E1,1.154260597E1
2.958489080E-1,1.835999966E0,4.000000000E0,1.099600029E1,1.184410901E1
3.008300620E-1,2.232000113E0,4.011000156E0,1.121000004E1,1.211338300E1
3.058110210E-1,2.437000036E0,4.125999928E0,1.155300045E1,1.250738438E1
3.107920190E-1,2.384999990E0,4.413000107E0,1.206000042E1,1.306163868E1
3.157731730E-1,1.998999953E0,4.967000008E0,1.273299980E1,1.381290606E1
3.207541170E-1,1.483999968E0,5.586999893E0,1.361900043E1,1.479506663E1
3.257351150E-1,8.970000148E-1,6.291999817E0,1.456400013E1,1.589037352E1
3.307160400E-1,2.460000068E-1,7.050000191E0,1.570300007E1,1.721473874E1
3.356971820E-1,6.000000052E-3,7.802999973E0,1.708799934E1,1.878527525E1
3.406781840E-1,3.519999981E-1,8.505999565E0,1.855999947E1,2.041934163E1
3.456591170E-1,1.097000003E0,9.180000305E0,1.979599953E1,2.184851052E1
3.506402690E-1,2.003000021E0,9.670999527E0,2.075200081E1,2.298229272E1
3.556212710E-1,2.977999926E0,9.836999893E0,2.151700020E1,2.384567776E1
3.606021840E-1,3.790999889E0,9.815999985E0,2.192799950E1,2.432206196E1
3.655833360E-1,4.318999767E0,9.880000114E0,2.179100037E1,2.431287433E1
3.705643380E-1,4.362999916E0,1.006900024E1,2.155299950E1,2.418578759E1
3.755454710E-1,4.076000214E0,1.014799976E1,2.077099991E1,2.347403063E1
3.805263960E-1,3.494999886E0,9.883000374E0,2.140099907E1,2.383047380E1
3.855073940E-1,2.654999971E0,9.369000435E0,2.179899979E1,2.387516672E1
3.904885670E-1,1.850000024E0,8.824999809E0,2.242000008E1,2.416525450E1
3.954694920E-1,1.031000018E0,8.501000404E0,2.218899918E1,2.378406301E1
4.004504900E-1,3.109999895E-1,8.572999954E0,2.203599930E1,2.364695148E1
4.054313910E-1,-1.940000057E-1,8.795999527E0,2.168700027E1,2.340370109E1
4.104125430E-1,-4.009999931E-1,8.928000450E0,2.101000023E1,2.283177835E1
4.153935450E-1,-3.939999938E-1,8.831999779E0,2.018199921E1,2.203344158E1
4.203744630E-1,-1.289999932E-1,8.491000175E0,1.924300003E1,2.103346798E1
4.253556150E-1,1.689999998E-1,8.090000153E0,1.830400085E1,2.001282366E1
4.303366170E-1,2.469999939E-1,7.702000141E0,1.744499969E1,1.907117798E1
4.353178020E-1,8.900000155E-2,7.388000011E0,1.689299965E1,1.843811005E1
4.402987280E-1,-3.289999962E-1,7.151999950E0,1.654700089E1,1.802949202E1
4.452797260E-1,-8.470000029E-1,6.967000008E0,1.630800056E1,1.775408067E1
4.502608790E-1,-1.345000029E0,6.731999874E0,1.625200081E1,1.764245951E1
4.552418050E-1,-1.748999953E0,6.373000145E0,1.633699989E1,1.762304449E1
4.602228030E-1,-2.154000044E0,5.940000057E0,1.643600082E1,1.760867513E1
4.652039560E-1,-2.572999954E0,5.426000118E0,1.659000015E1,1.764340985E1
4.701848810E-1,-2.880000114E0,4.849999905E0,1.674200058E1,1.766667720E1
4.751658790E-1,-3.023999929E0,4.260000229E0,1.683300018E1,1.762504107E1
4.801468050E-1,-3.124000072E0,3.730000019E0,1.692399979E1,1.760948737E1
4.851280280E-1,-3.237999916E0,3.316999912E0,1.694300079E1,1.756565990E1
4.901089530E-1,-3.390000105E0,2.969000101E0,1.697900009E1,1.756682972E1
4.950901050E-1,-3.588000059E0,2.592000008E0,1.707500076E1,1.763938376E1
5.000710440E-1,-3.852999926E0,2.118999958E0,1.723299980E1,1.778516380E1
5.050520420E-1,-4.151000023E0,1.567999959E0,1.744700050E1,1.800242349E1
5.100331960E-1,-4.462999821E0,9.869999886E-1,1.759399986E1,1.817804631E1
5.150141170E-1,-4.829999924E0,2.849999964E-1,1.742799950E1,1.808715817E1
5.199951150E-1,-5.296999931E0,-7.049999833E-1,1.711199951E1,1.792695625E1
5.249762400E-1,-5.737999916E0,-1.781000018E0,1.684900093E1,1.788813675E1
5.299571650E-1,-5.986999989E0,-2.608000040E0,1.624699974E1,1.751030650E1
5.349381630E-1,-6.001999855E0,-3.466000080E0,1.525699997E1,1.675748212E1
5.399193210E-1,-5.890999794E0,-4.280000210E0,1.399100018E1,1.577245594E1
5.449003230E-1,-5.925000191E0,-4.959000111E0,1.286800003E1,1.500942151E1
5.498812460E-1,-6.021999836E0,-5.452000141E0,1.186100006E1,1.437609509E1
5.548623980E-1,-6.249000072E0,-5.836999893E0,1.118999958E1,1.408320490E1
5.598433230E-1,-6.570000172E0,-6.138999939E0,1.086100006E1,1.410012570E1
5.648243310E-1,-6.836999893E0,-6.383999825E0,1.083100033E1,1.431120503E1
5.698054850E-1,-6.967000008E0,-6.622000217E0,1.100199986E1,1.460937975E1
5.747864100E-1,-7.004000187E0,-6.855999947E0,1.123900032E1,1.491227287E1
5.797674130E-1,-6.868000031E0,-7.170000076E0,1.141499996E1,1.512879868E1
5.847485670E-1,-6.440000057E0,-7.589000225E0,1.145499992E1,1.517509632E1
5.897294920E-1,-5.842999935E0,-8.031000137E0,1.133300018E1,1.506899149E1
5.947105140E-1,-5.390999794E0,-8.319999695E0,1.113300037E1,1.490734621E1
5.996916680E-1,-4.952000141E0,-8.508000374E0,1.088399982E1,1.467548391E1
6.046726700E-1,-4.234000206E0,-8.821000099E0,1.064200020E1,1.445645076E1
6.096535930E-1,-3.492000103E0,-9.208999634E0,1.053600025E1,1.442244918E1
6.146347450E-1,-3.009999990E0,-9.612000465E0,1.014900017E1,1.429870125E1
6.196157610E-1,-2.747999907E0,-1.021000004E1,9.536999702E0,1.423902973E1
6.245966840E-1,-2.595999956E0,-1.108600044E1,8.986000061E0,1.450471712E1
6.295778360E-1,-2.671000004E0,-1.210400009E1,8.439999580E0,1.499582116E1
6.345587750E-1,-3.078999996E0,-1.309200001E1,7.826000214E0,1.556043009E1
6.395400040E-1,-3.450999975E0,-1.394499969E1,7.242000103E0,1.608785203E1
6.445209160E-1,-3.595999956E0,-1.453499985E1,6.624000072E0,1.637299036E1
6.495019160E-1,-3.394999981E0,-1.486499977E1,5.939000130E0,1.636355602E1
6.544828390E-1,-2.819000006E0,-1.506900024E1,5.158999920E0,1.617519118E1
6.594639710E-1,-2.187000036E0,-1.518200016E1,4.520999908E0,1.599110810E1
6.644449730E-1,-1.840999961E0,-1.526900005E1,4.132999897E0,1.592524196E1
6.694258960E-1,-1.804999948E0,-1.541600037E1,3.750999928E0,1.596812740E1
6.744070240E-1,-1.866000056E0,-1.558100033E1,3.326999903E0,1.604114883E1
6.793880260E-1,-1.927999973E0,-1.570699978E1,3.000000000E0,1.610673853E1
6.843689640E-1,-2.003000021E0,-1.583699989E1,2.673000097E0,1.618541023E1
6.893501160E-1,-1.879999995E0,-1.609700012E1,2.308000088E0,1.636993211E1
6.943310410E-1,-1.458999991E0,-1.651000023E1,1.934000015E0,1.668679552E1
6.993120530E-1,-7.609999776E-1,-1.702400017E1,1.411999941E0,1.709939901E1
7.042932070E-1,-1.030000001E-1,-1.750699997E1,7.250000238E-1,1.752230812E1
7.092742090E-1,2.049999982E-1,-1.799900055E1,1.000000047E-3,1.800016797E1
7.142551550E-1,1.490000039E-1,-1.833499908E1,-6.809999943E-1,1.834824660E1
7.192363070E-1,-1.400000006E-1,-1.841500092E1,-1.116999984E0,1.844937798E1
7.242173090E-1,-4.009999931E-1,-1.837800026E1,-1.496999979E0,1.844322920E1
7.291982320E-1,-4.620000124E-1,-1.829999924E1,-2.023000002E0,1.841727301E1
7.341793840E-1,-3.580000103E-1,-1.825300026E1,-2.388999939E0,1.841215640E1
7.391603960E-1,-1.659999937E-1,-1.827000046E1,-2.677000046E0,1.846582795E1
7.441415480E-1,-8.999999613E-3,-1.850399971E1,-3.522000074E0,1.883620373E1
7.491224730E-1,-1.010000035E-1,-1.894199944E1,-4.511000156E0,1.947199697E1
7.541034660E-1,-3.670000136E-1,-1.921500015E1,-4.985000134E0,1.985449939E1
7.590843910E-1,-6.520000100E-1,-1.902099991E1,-4.919000149E0,1.965757116E1
7.640655620E-1,-7.379999757E-1,-1.844499969E1,-4.906000137E0,1.910056269E1
7.690465640E-1,-5.860000253E-1,-1.768600082E1,-5.138999939E0,1.842681040E1
7.740274870E-1,-3.039999902E-1,-1.708900070E1,-5.451000214E0,1.793989310E1
7.790086390E-1,-6.100000069E-2,-1.683900070E1,-5.678999901E0,1.777095117E1
7.839896410E-1,0.000000000E0,-1.672900009E1,-5.717999935E0,1.767922417E1
7.889707920E-1,-4.100000113E-2,-1.650600052E1,-5.495999813E0,1.739700400E1
7.939517170E-1,-6.700000167E-2,-1.622299957E1,-5.092999935E0,1.700378936E1
7.989327150E-1,-7.599999905E-1,-1.584399986E1,-4.070000172E0,1.637604449E1
8.039138600E-1,-1.120000005E0,-1.559399986E1,-2.953999996E0,1.591079343E1
8.088947850E-1,-1.151000023E0,-1.554899979E1,-1.891999960E0,1.570591797E1
8.138757830E-1,-9.789999723E-1,-1.560000038E1,-1.146000028E0,1.567264397E1
8.188569220E-1,-8.289999962E-1,-1.553400040E1,-8.579999804E-1,1.557974882E1
8.238379240E-1,-7.509999871E-1,-1.533199978E1,-9.020000100E-1,1.537685996E1
8.288188710E-1,-1.957999945E0,-1.395899963E1,-2.509999871E-1,1.409788763E1
8.338000230E-1,-2.755000114E0,-1.245800018E1,6.899999827E-2,1.275917533E1
8.387809590E-1,-3.236000061E0,-1.107999992E1,7.000000216E-3,1.154288282E1
8.437621880E-1,-3.588000059E0,-1.007900047E1,-4.370000064E-1,1.070751904E1
8.487431130E-1,-3.913000107E0,-9.397000313E0,-1.177000046E0,1.024697584E1
8.537241130E-1,-4.182000160E0,-8.690999985E0,-2.058000088E0,9.861945571E0
8.587050360E-1,-4.348000050E0,-7.738999844E0,-2.752000093E0,9.293585289E0
8.636861880E-1,-4.290999889E0,-6.690000057E0,-3.289999962E0,8.601911448E0
8.686671940E-1,-3.980000019E0,-5.872000217E0,-3.950000048E0,8.119315678E0
8.736481170E-1,-3.575000048E0,-5.322000027E0,-4.731999874E0,7.968446049E0
8.786292890E-1,-3.240999937E0,-4.967000008E0,-5.335000038E0,7.977305001E0
8.836102910E-1,-2.947999954E0,-4.777999878E0,-5.790999889E0,8.065709286E0
8.885914430E-1,-2.644000053E0,-4.657999992E0,-6.249000072E0,8.230291739E0
8.935723720E-1,-2.312999964E0,-4.394999981E0,-6.748000145E0,8.378633518E0
8.985533700E-1,-1.965999961E0,-4.014999866E0,-7.276000023E0,8.539646135E0
9.035345150E-1,-1.560999990E0,-3.730999947E0,-7.656000137E0,8.658603795E0
9.085155170E-1,-1.082000017E0,-3.701999903E0,-7.999000072E0,8.880288817E0
9.134964400E-1,-7.289999723E-1,-3.779000044E0,-8.265999794E0,9.118060917E0
9.184775720E-1,-4.779999852E-1,-3.904999971E0,-8.199000359E0,9.094015375E0
9.234585740E-1,-1.759999990E-1,-4.098999977E0,-8.008999825E0,8.998714075E0
9.284394970E-1,3.500000015E-2,-4.278999805E0,-8.052000046E0,9.118430187E0
9.334206400E-1,1.400000043E-2,-4.357999802E0,-8.328000069E0,9.399358670E0
9.384015650E-1,-7.900000364E-2,-4.532999992E0,-8.550999641E0,9.678529062E0
9.433825530E-1,-2.169999927E-1,-4.751999855E0,-8.694999695E0,9.911186171E0
9.483637070E-1,-4.289999902E-1,-4.973999977E0,-8.835000038E0,1.014800189E1
9.533447090E-1,-6.669999957E-1,-5.250000000E0,-8.946999550E0,1.039500793E1
9.583256370E-1,-7.979999781E-1,-5.566999912E0,-8.942999840E0,1.056435223E1
9.633067890E-1,-8.429999948E-1,-5.843999863E0,-8.869000435E0,1.065467748E1
9.682877910E-1,-8.769999743E-1,-6.177999973E0,-8.987999916E0,1.094170714E1
9.732689000E-1,-9.570000172E-1,-6.539999962E0,-9.298000336E0,1.140790335E1
9.782498250E-1,-1.060999990E0,-6.941999912E0,-9.605999947E0,1.189925707E1
9.832308030E-1,-1.225999951E0,-7.264999866E0,-9.911000252E0,1.234954351E1
9.882119570E-1,-1.389999986E0,-7.543000221E0,-1.011800003E1,1.269656949E1
9.931928820E-1,-1.475000024E0,-7.888000011E0,-1.027799988E1,1.303968752E1
9.981738800E-1,-1.542999983E0,-8.409999847E0,-1.016699982E1,1.328445827E1
1.003154805E0,-1.598000050E0,-8.977000237E0,-9.633999825E0,1.326476875E1
1.008135948E0,-1.636000037E0,-9.418000221E0,-8.852999687E0,1.302884599E1
1.013116950E0,-1.712000012E0,-9.777000427E0,-8.112999916E0,1.281957289E1
1.018098102E0,-1.782999992E0,-1.016899967E1,-7.357999802E0,1.267784699E1
1.023079003E0,-1.830000043E0,-1.067899990E1,-6.473999977E0,1.262151396E1
1.028060001E0,-1.835000038E0,-1.115200043E1,-5.425000191E0,1.253654521E1
1.033041155E0,-1.902999997E0,-1.189900017E1,-4.130000114E0,1.273830895E1
1.038022157E0,-1.886000037E0,-1.281000042E1,-2.849999905E0,1.325803931E1
1.043003080E0,-1.947999954E0,-1.376799965E1,-1.455000043E0,1.398104228E1
1.047984231E0,-2.151000023E0,-1.467700005E1,1.299999952E-1,1.483435308E1
1.052965233E0,-2.496000051E0,-1.552700043E1,1.723000050E0,1.582044524E1
1.057946157E0,-2.848999977E0,-1.637400055E1,3.398999929E0,1.696401767E1
1.062927303E0,-3.112999916E0,-1.739599991E1,5.040999889E0,1.837724847E1
1.067908229E0,-3.357000113E0,-1.857299995E1,6.732999802E0,2.003893868E1
1.072889227E0,-3.776000023E0,-1.980599976E1,8.493000031E0,2.187845634E1
1.077870365E0,-4.357999802E0,-2.092600060E1,1.063799953E1,2.387586014E1
1.082851367E0,-4.831999779E0,-2.180299950E1,1.250399971E1,2.559431612E1
1.087832290E0,-5.335999966E0,-2.253100014E1,1.379100037E1,2.695014942E1
1.092813447E0,-5.969999790E0,-2.306100082E1,1.470899963E1,2.799652348E1
1.097794449E0,-6.657999992E0,-2.338999939E1,1.551399994E1,2.884623423E1
1.102775601E0,-7.112999916E0,-2.366399956E1,1.603499985E1,2.945676260E1
1.107756526E0,-7.170000076E0,-2.414900017E1,1.623999977E1,2.997199864E1
1.112737524E0,-6.999000072E0,-2.487400055E1,1.625900078E1,3.052960877E1
1.117718435E0,-6.969999790E0,-2.589399910E1,1.619000053E1,3.132405152E1
1.122699587E0,-7.383999825E0,-2.691799927E1,1.653300095E1,3.244136647E1
1.127680589E0,-8.260000229E0,-2.728700066E1,1.708300018E1,3.323607835E1
1.132661512E0,-8.763999939E0,-2.754800034E1,1.780900002E1,3.395379948E1
1.137642664E0,-8.609999657E0,-2.802499962E1,1.919899940E1,3.504474677E1
1.142623666E0,-8.053999901E0,-2.819499969E1,2.142799950E1,3.631782048E1
1.147604803E0,-7.248000145E0,-2.771599960E1,2.304000092E1,3.676345716E1
1.152585728E0,-6.117000103E0,-2.724200058E1,2.430500031E1,3.701725713E1
1.157566721E0,-5.037000179E0,-2.746899986E1,2.763500023E1,3.928880963E1
1.162547875E0,-3.753000021E0,-2.782099915E1,3.002300072E1,4.110320638E1
1.167528877E0,-1.838000059E0,-2.820199966E1,3.176300049E1,4.251610553E1
1.172509800E0,-4.600000009E-2,-2.825399971E1,3.307699966E1,4.350147724E1
1.177490952E0,9.890000224E-1,-2.787700081E1,3.375000000E1,4.378547470E1
1.182471978E0,8.610000014E-1,-2.730599976E1,3.452799988E1,4.402887370E1
1.187452901E0,-8.799999952E-2,-2.706999969E1,3.480899811E1,4.409601997E1
1.192434053E0,-1.662999988E0,-2.726199913E1,3.351100159E1,4.323157865E1
1.197414993E0,-3.405999899E0,-2.756399918E1,3.069300079E1,4.139366115E1
1.202396222E0,-4.426000118E0,-2.749099922E1,2.779599953E1,3.934414956E1
1.207377147E0,-4.547999859E0,-2.714500046E1,2.498600006E1,3.717304873E1
1.212358142E0,-3.970999956E0,-2.661000061E1,2.286700058E1,3.530949856E1
1.217339065E0,-3.358999968E0,-2.559900093E1,2.213400078E1,3.400743624E1
1.222320207E0,-2.667000055E0,-2.447500038E1,2.271999931E1,3.350129702E1
1.227301209E0,-1.995000005E0,-2.402499962E1,2.422800064E1,3.417859925E1
1.232282361E0,-2.069000006E0,-2.412599945E1,2.634000015E1,3.577904720E1
1.237263310E0,-3.099999905E0,-2.407399940E1,2.888500023E1,3.772944056E1
1.242244308E0,-4.263999939E0,-2.328700066E1,3.060600090E1,3.869358327E1
1.247225462E0,-4.849999905E0,-2.167900085E1,3.229000092E1,3.919369511E1
1.252206349E0,-4.605000019E0,-2.070999908E1,3.399000168E1,4.006782127E1
1.257187347E0,-3.697000027E0,-2.069199944E1,3.540499878E1,4.117451382E1
1.262168506E0,-2.414000034E0,-2.096599960E1,3.644800186E1,4.211718622E1
1.267149508E0,-1.097000003E0,-2.066099930E1,3.689599991E1,4.230124242E1
1.272130421E0,-2.739999890E-1,-1.970999908E1,3.636299896E1,4.136214252E1
1.277111573E0,-2.210000008E-1,-1.874600029E1,3.557099915E1,4.020892125E1
1.282092531E0,-7.979999781E-1,-1.797699928E1,3.452399826E1,3.893219443E1
1.287073529E0,-2.030999899E0,-1.746899986E1,3.300400162E1,3.739725979E1
1.292054683E0,-3.332999945E0,-1.654299927E1,3.204399872E1,3.621598497E1
1.297035657E0,-4.173999786E0,-1.495699978E1,3.181399918E1,3.540147822E1
1.302016580E0,-4.458000183E0,-1.333600044E1,3.185499954E1,3.482044901E1
1.306997732E0,-4.070000172E0,-1.195499992E1,3.282600021E1,3.517148297E1
1.311978734E0,-3.306999922E0,-1.095600033E1,3.434700012E1,3.620340604E1
1.316959885E0,-2.137000084E0,-1.043900013E1,3.584700012E1,3.739715111E1
1.321940819E0,-8.420000076E-1,-9.774999619E0,3.690399933E1,3.818592343E1
1.326921818E0,3.880000114E-1,-8.895999908E0,3.786399841E1,3.889693734E1
1.331902971E0,1.412999988E0,-7.995999813E0,3.820199966E1,3.905541397E1
1.336883896E0,2.098000050E0,-7.357999802E0,3.825899887E1,3.901657032E1
1.341864894E0,2.322000027E0,-6.959000111E0,3.769400024E1,3.840126327E1
1.346845820E0,2.137000084E0,-6.564000130E0,3.622100067E1,3.687294071E1
1.351827053E0,1.835999966E0,-6.388999939E0,3.445600128E1,3.509139838E1
1.356807978E0,1.886999965E0,-6.724999905E0,3.368099976E1,3.439761819E1
1.361789149E0,1.802000046E0,-7.598999977E0,3.342399979E1,3.432427372E1
1.366770074E0,1.059000015E0,-8.710000038E0,3.277999878E1,3.393396384E1
1.371751072E0,4.219999909E-1,-9.437000275E0,3.212799835E1,3.348795808E1
1.376732192E0,2.520000041E-1,-9.739999771E0,3.169199944E1,3.315590336E1
1.381713194E0,8.900000155E-2,-9.442000389E0,3.117300034E1,3.257169388E1
1.386694108E0,7.999999821E-2,-9.104000092E0,3.038899994E1,3.172350130E1
1.391675260E0,9.099999815E-2,-8.788000107E0,2.875499916E1,3.006804290E1
1.396656262E0,1.040000021E-1,-8.670000076E0,2.678700066E1,2.815533913E1
1.401637375E0,1.499999966E-2,-8.809000015E0,2.473100090E1,2.625302100E1
1.406618300E0,-7.000000216E-3,-9.352999687E0,2.280800056E1,2.465123814E1
1.411599298E0,-1.400000006E-1,-1.004800034E1,2.092399979E1,2.321197273E1
1.416580218E0,-7.419999838E-1,-1.075599957E1,1.904999924E1,2.188937097E1
1.421561370E0,-1.662999988E0,-1.149899960E1,1.779599953E1,2.125300355E1
1.426542372E0,-2.615000010E0,-1.197599983E1,1.714800072E1,2.107882173E1
1.431523310E0,-3.572000027E0,-1.229899979E1,1.680500031E1,2.112895206E1
1.436504462E0,-4.448999882E0,-1.277600002E1,1.683799934E1,2.159949070E1
1.441485464E0,-4.909999847E0,-1.323499966E1,1.712299919E1,2.219167447E1
1.446466616E0,-4.872000217E0,-1.343000031E1,1.739900017E1,2.251280749E1
1.451447541E0,-4.462999821E0,-1.370600033E1,1.761499977E1,2.276095405E1
1.456428572E0,-3.927999973E0,-1.404500008E1,1.768700027E1,2.292424894E1
1.461409497E0,-3.618000031E0,-1.432499981E1,1.781999969E1,2.314838942E1
1.466390649E0,-3.480000019E0,-1.458600044E1,1.814399910E1,2.353861747E1
1.471371651E0,-3.447000027E0,-1.506099987E1,1.859900093E1,2.417929614E1
1.476352803E0,-3.710999966E0,-1.560999966E1,1.917700005E1,2.500401849E1
1.481333728E0,-4.370999813E0,-1.618899918E1,1.982099915E1,2.596269132E1
1.486314755E0,-5.111000061E0,-1.679100037E1,2.036100006E1,2.688178451E1
1.491295909E0,-5.843999863E0,-1.752199936E1,2.055800056E1,2.763700749E1
1.496276911E0,-6.678999901E0,-1.852700043E1,2.011000061E1,2.814730731E1
1.501257829E0,-7.309000015E0,-1.959900093E1,1.954700089E1,2.862913834E1
1.506238981E0,-7.755000114E0,-2.026700020E1,1.891699982E1,2.878791771E1
1.511219998E0,-8.281000137E0,-2.055599976E1,1.819799995E1,2.867562190E1
1.516201150E0,-8.812000275E0,-2.049300003E1,1.774399948E1,2.850375268E1
1.521182075E0,-9.119999886E0,-2.019899940E1,1.770100021E1,2.836369834E1
1.526163068E0,-9.128999710E0,-2.006900024E1,1.813299942E1,2.854661231E1
1.531144222E0,-8.788000107E0,-2.008900070E1,1.846800041E1,2.866816936E1
1.536125224E0,-8.031000137E0,-2.024200058E1,1.879000092E1,2.876281775E1
1.541106142E0,-7.076000214E0,-2.035000038E1,1.905500031E1,2.876256823E1
1.546087294E0,-6.359000206E0,-2.033200073E1,1.909199905E1,2.860649516E1
1.551068219E0,-5.991000175E0,-2.042300034E1,1.887400055E1,2.844677350E1
1.556049442E0,-5.864999771E0,-2.057600021E1,1.863599968E1,2.837376413E1
1.561030368E0,-8.770999908E0,-1.737999916E1,1.670599937E1,2.565317184E1
1.566011291E0,-8.826999664E0,-1.706599998E1,1.640800095E1,2.526631698E1
1.570992309E0,-8.944999695E0,-1.686499977E1,1.627300072E1,2.508489165E1
1.575973462E0,-9.076999664E0,-1.697800064E1,1.646500015E1,2.533260071E1
1.580954479E0,-9.164999962E0,-1.711100006E1,1.667900085E1,2.559243281E1
1.585935402E0,-9.338000298E0,-1.733399963E1,1.654599953E1,2.571839601E1
1.590916553E0,-9.574000359E0,-1.800000000E1,1.603000069E1,2.593496491E1
1.595897598E0,-9.729999542E0,-1.871100044E1,1.551799965E1,2.618363500E1
1.600878750E0,-9.890999794E0,-1.893600082E1,1.512699986E1,2.617690067E1
1.605859694E0,-9.883000374E0,-1.892600060E1,1.449699974E1,2.580756084E1
1.610840692E0,-9.723999977E0,-1.893199921E1,1.357100010E1,2.524180685E1
1.615821846E0,-9.314000130E0,-1.896899986E1,1.262600040E1,2.461685277E1
1.620802882E0,-9.001000404E0,-1.889100075E1,1.170899963E1,2.397891970E1
1.625783805E0,-9.098999977E0,-1.873100090E1,1.077900028E1,2.344843369E1
1.630764957E0,-9.475000381E0,-1.837899971E1,1.005300045E1,2.299186988E1
1.635745945E0,-9.798000336E0,-1.804999924E1,9.350999832E0,2.256644591E1
1.640726868E0,-9.961999893E0,-1.781500053E1,8.760000229E0,2.221155758E1
1.645708020E0,-1.007100010E1,-1.734900093E1,8.230999947E0,2.168322477E1
1.650689026E0,-1.001399994E1,-1.665800095E1,7.520999908E0,2.084069648E1
1.655669949E0,-9.859999657E0,-1.592199993E1,6.724999905E0,1.989862555E1
1.660651087E0,-9.711000443E0,-1.529699993E1,6.026999950E0,1.909519481E1
1.665632089E0,-9.689000130E0,-1.470699978E1,5.493999958E0,1.844875610E1
1.670613207E0,-9.583000183E0,-1.410799980E1,5.096000195E0,1.779996542E1
1.675594132E0,-9.156999588E0,-1.361699963E1,4.811999798E0,1.710054567E1
1.680575116E0,-8.482000351E0,-1.336299992E1,4.508999825E0,1.645737452E1
1.685556270E0,-7.949999809E0,-1.309000015E1,4.381000042E0,1.592933653E1
1.690537272E0,-7.663000107E0,-1.258300018E1,4.361000061E0,1.536462775E1
1.695518176E0,-7.354000092E0,-1.222200012E1,4.191999912E0,1.486712708E1
1.700499328E0,-6.942999840E0,-1.215900040E1,3.792999983E0,1.450632229E1
1.705480253E0,-6.584000111E0,-1.223400021E1,3.055999994E0,1.422529277E1
1.710461491E0,-6.589000225E0,-1.220199966E1,2.069999933E0,1.402100637E1
1.715442416E0,-7.107999802E0,-1.205500031E1,9.070000052E-1,1.402388472E1
1.720423416E0,-8.185999870E0,-1.216499996E1,-4.690000117E-1,1.467030262E1
1.725404339E0,-9.289999962E0,-1.233199978E1,-1.529000044E0,1.551515901E1
1.730385491E0,-1.006799984E1,-1.182100010E1,-2.167999983E0,1.567803840E1
1.735366498E0,-1.040799999E1,-1.076500034E1,-2.427000046E0,1.516911419E1
1.740347650E0,-1.016199970E1,-9.675999641E0,-2.963999987E0,1.434142611E1
1.745328575E0,-9.494000435E0,-8.928999901E0,-3.664999962E0,1.353865976E1
1.750309597E0,-8.633000374E0,-8.531000137E0,-4.202000141E0,1.284381034E1
1.755290751E0,-7.914999962E0,-8.251999855E0,-4.427000046E0,1.226136434E1
1.760271753E0,-7.477000237E0,-7.953999996E0,-4.291999817E0,1.173000046E1
1.765252905E0,-7.274000168E0,-7.747000217E0,-4.045000076E0,1.137053721E1
1.770233830E0,-7.269999981E0,-7.605000019E0,-3.802000046E0,1.118678369E1
1.775214818E0,-7.409999847E0,-7.572999954E0,-3.660000086E0,1.120955069E1
1.780195743E0,-7.471000195E0,-7.605999947E0,-3.822000027E0,1.132584493E1
1.785176895E0,-7.486000061E0,-7.546000004E0,-4.254000187E0,1.144896635E1
1.790157883E0,-7.504000187E0,-7.236999989E0,-4.684999943E0,1.142949746E1
1.795139034E0,-7.511000156E0,-6.848999977E0,-5.127999783E0,1.138509138E1
1.800119946E0,-7.477000237E0,-6.487999916E0,-5.605999947E0,1.137659487E1
1.805100944E0,-7.414999962E0,-6.164000034E0,-6.010000229E0,1.136209592E1
1.810082097E0,-7.257999897E0,-5.923999786E0,-6.381000042E0,1.133532079E1
1.815063094E0,-7.063000202E0,-5.794000149E0,-6.775000095E0,1.137352346E1
1.820044018E0,-6.949999809E0,-5.704999924E0,-7.184999943E0,1.150972396E1
1.825025169E0,-6.889999866E0,-5.592999935E0,-7.592999935E0,1.167935762E1
1.830006103E0,-6.749000072E0,-5.500000000E0,-7.915999889E0,1.176699011E1
1.834987101E0,-6.587999821E0,-5.407999992E0,-8.213000298E0,1.183645130E1
1.839968255E0,-6.489999771E0,-5.245999813E0,-8.444999695E0,1.187260001E1
1.844949257E0,-6.480000019E0,-4.973000050E0,-8.553000450E0,1.182687391E1
1.849930180E0,-6.484000206E0,-4.716000080E0,-8.592000008E0,1.175182452E1
1.854911332E0,-6.467000008E0,-4.546999931E0,-8.498999596E0,1.160733783E1
1.859892334E0,-6.423999786E0,-4.399000168E0,-8.255000114E0,1.134742273E1
1.864873486E0,-6.356999874E0,-4.271999836E0,-7.940999985E0,1.103272001E1
1.869854425E0,-6.295000076E0,-4.126999855E0,-7.772999763E0,1.082029016E1
1.874835423E0,3.470000029E-1,-9.229999781E-1,-4.612999916E0,4.717213816E0
1.879816582E0,3.580000103E-1,-8.569999933E-1,-4.521999836E0,4.616394211E0
1.884797584E0,4.129999876E-1,-7.490000129E-1,-4.439000130E0,4.520651741E0
1.889778507E0,5.019999743E-1,-5.450000167E-1,-4.328999996E0,4.391955141E0
1.894759664E0,5.680000186E-1,-3.470000029E-1,-4.080999851E0,4.134923555E0
1.899740589E0,5.429999828E-1,-1.379999965E-1,-3.677999973E0,3.720426963E0
1.904721818E0,4.480000138E-1,3.799999878E-2,-3.150000095E0,3.181925300E0
1.909702743E0,3.849999905E-1,1.550000012E-1,-2.611000061E0,2.643779740E0
1.914683743E0,3.560000062E-1,2.730000019E-1,-2.071000099E0,2.119034312E0
1.919664651E0,2.980000079E-1,3.919999897E-1,-1.468000054E0,1.548383724E0
1.924645803E0,1.949999928E-1,4.769999981E-1,-8.799999952E-1,1.019781343E0
1.929626805E0,6.700000167E-2,5.339999795E-1,-3.790000081E-1,6.582446236E-1
1.934607957E0,-1.010000035E-1,5.569999814E-1,8.699999750E-2,5.727294122E-1
1.939588882E0,-2.399999946E-1,5.669999719E-1,4.259999990E-1,7.487088651E-1
1.944569876E0,-3.230000138E-1,5.619999766E-1,7.189999819E-1,9.680567941E-1
1.949551030E0,-4.000000060E-1,5.889999866E-1,9.869999886E-1,1.217000397E0
1.954532032E0,-4.490000010E-1,7.049999833E-1,1.302000046E0,1.547200729E0
1.959513183E0,-4.760000110E-1,8.500000238E-1,1.735000014E0,1.989799261E0
1.964494108E0,-5.389999747E-1,1.016999960E0,2.375999928E0,2.640110897E0
1.969475106E0,-6.349999905E-1,1.271000028E0,3.035000086E0,3.351103039E0
1.974456260E0,-6.529999971E-1,1.580999970E0,3.584000111E0,3.971275198E0
1.979437262E0,-6.679999828E-1,1.944000006E0,3.996000051E0,4.493704086E0
1.984418185E0,-6.389999986E-1,2.296999931E0,4.407999992E0,5.011486168E0
1.989399294E0,-6.159999967E-1,2.683000088E0,4.787000179E0,5.522075351E0
1.994380296E0,-6.650000215E-1,3.048000097E0,5.026000023E0,5.915505545E0
1.999361224E0,-5.569999814E-1,3.042000055E0,5.219999790E0,6.067323226E0
2.004342376E0,-4.609999955E-1,2.982000113E0,5.340000153E0,6.133550953E0
2.009323378E0,-6.190000176E-1,3.269000053E0,5.352000237E0,6.301859162E0
2.014304282E0,-8.590000272E-1,3.470999956E0,5.335999966E0,6.423287116E0
2.019285434E0,-1.220999956E0,3.674999952E0,5.410999775E0,6.653975061E0
2.024266436E0,-1.680999994E0,3.980999947E0,5.565000057E0,7.045803516E0
2.029247577E0,-2.028000116E0,4.006999969E0,5.925000191E0,7.434679582E0
2.034228503E0,-2.371000051E0,4.038000107E0,6.359000206E0,7.897086154E0
2.039209501E0,-2.812000036E0,4.623000145E0,6.738999844E0,8.642545541E0
2.044190654E0,-3.184000015E0,5.151999950E0,7.080999851E0,9.317806527E0
2.049171656E0,-3.575000048E0,5.610000134E0,7.368000031E0,9.926739207E0
2.054152584E0,-4.050000191E0,5.936999798E0,7.479000092E0,1.037236282E1
2.059133736E0,-4.475999832E0,6.131999969E0,7.442999840E0,1.063175643E1
2.064114661E0,-5.024000168E0,5.972000122E0,7.151999950E0,1.058567270E1
2.069095880E0,-5.590000153E0,5.560999870E0,6.697000027E0,1.034517427E1
2.074076805E0,-6.155000210E0,5.085000038E0,6.104000092E0,1.004987911E1
2.079057795E0,-6.598999977E0,4.875999928E0,5.607999802E0,9.938402174E0
2.084038718E0,-7.112999916E0,4.758999825E0,5.329999924E0,1.008224907E1
2.089019870E0,-7.547999859E0,4.690999985E0,5.652999878E0,1.053253010E1
2.094000901E0,-8.128000259E0,4.814000130E0,6.184999943E0,1.129128911E1
2.098982053E0,-8.531999588E0,5.015999794E0,6.868999958E0,1.204734126E1
2.103963055E0,-8.600999832E0,5.125000000E0,7.505000114E0,1.251270753E1
2.108943973E0,-8.482000351E0,5.142000198E0,8.177000046E0,1.285487556E1
2.113925125E0,-8.208000183E0,5.066999912E0,8.935999870E0,1.314906266E1
2.118906103E0,-7.754000187E0,4.827000141E0,9.458000183E0,1.314831612E1
2.123887255E0,-7.202000141E0,4.413000107E0,9.498999596E0,1.271119071E1
2.128868195E0,-7.443999767E0,3.298000097E0,7.916999817E0,1.135644413E1
2.133849193E0,-7.499000072E0,2.421000004E0,6.440000057E0,1.017692703E1
2.138830118E0,-7.660999775E0,1.927000046E0,5.222000122E0,9.469610974E0
2.143811342E0,-7.934999943E0,1.527999997E0,4.022999763E0,9.026823095E0
2.148792267E0,-8.234000206E0,1.136000037E0,2.918999910E0,8.809643350E0
2.153773419E0,-8.440999985E0,6.019999981E-1,1.723000050E0,8.636064724E0
2.158754339E0,-8.470000267E0,-1.330000013E-1,3.089999855E-1,8.476678271E0
2.163735337E0,-8.369000435E0,-1.047000051E0,-1.144000053E0,8.511469527E0
2.168716491E0,-8.222000122E0,-1.937000036E0,-2.233999968E0,8.737505994E0
2.173697483E0,-8.145000458E0,-2.555999994E0,-3.259999990E0,9.137930201E0
2.178678406E0,-8.041000366E0,-2.344000101E0,-4.146999836E0,9.346102450E0
2.183659558E0,-7.829999924E0,-1.638000011E0,-4.671999931E0,9.263882890E0
2.188640493E0,-7.448999882E0,-8.280000091E-1,-4.883999825E0,8.945760870E0
2.193621491E0,-6.657999992E0,-5.939999819E-1,-4.776999950E0,8.215931378E0
2.198602702E0,-5.980000019E0,-3.129999936E-1,-5.110000134E0,7.872132531E0
2.203583704E0,-5.752999783E0,9.010000229E-1,-5.559999943E0,8.051236359E0
2.208564627E0,-5.539000034E0,2.470999956E0,-6.149000168E0,8.636930313E0
2.213545755E0,-5.183000088E0,4.446000099E0,-7.666999817E0,1.026709759E1
2.218526757E0,-3.322999954E0,4.929999828E0,-7.585999966E0,9.638185643E0
2.223507914E0,-1.991999984E0,5.311999798E0,-7.168000221E0,9.141424012E0
2.228488916E0,-1.106999993E0,5.385000229E0,-6.376999855E0,8.419608281E0
2.233469839E0,-5.970000029E-1,5.225999832E0,-5.289000034E0,7.459289820E0
2.238450982E0,-2.269999981E-1,5.091000080E0,-3.096999884E0,5.963322823E0
2.243431984E0,1.759999990E-1,5.153999805E0,-1.889999956E-1,5.160466160E0
2.248413135E0,2.549999952E-1,5.164999962E0,-1.089999974E-1,5.172439521E0
2.253394016E0,3.350000083E-1,5.179999828E0,3.190000057E-1,5.200613832E0
2.258375015E0,3.819999993E-1,5.169000149E0,5.950000286E-1,5.217136338E0
2.263355940E0,4.070000052E-1,5.177999973E0,8.859999776E-1,5.268996934E0
2.268337077E0,4.269999862E-1,5.177000046E0,1.141000032E0,5.318415134E0
2.273318079E0,4.370000064E-1,5.159999847E0,1.368000031E0,5.356117205E0
2.278299240E0,4.429999888E-1,5.156000137E0,1.577000022E0,5.409945977E0
2.283280165E0,4.149999917E-1,5.166999817E0,1.735000014E0,5.466290987E0
2.288261168E0,4.160000086E-1,5.168000221E0,1.893000007E0,5.519486509E0
2.293242322E0,3.810000122E-1,5.164000034E0,2.023999929E0,5.559553316E0
2.298223329E0,3.589999974E-1,5.182000160E0,2.134000063E0,5.615688998E0
2.303204252E0,3.230000138E-1,5.199999809E0,2.233999968E0,5.668781428E0
2.308185404E0,3.030000031E-1,5.223999977E0,2.312999964E0,5.721184632E0
2.313166391E0,2.689999938E-1,5.247000217E0,2.365999937E0,5.762059352E0
2.318147543E0,2.430000007E-1,5.277999878E0,2.400000095E0,5.803131238E0
2.323128468E0,1.959999949E-1,5.315000057E0,2.407000065E0,5.837918372E0
2.328109475E0,1.609999985E-1,5.355000019E0,2.431999922E0,5.883584777E0
2.333090629E0,-1.159999967E-1,5.361000061E0,2.786999941E0,6.043272816E0
2.338071598E0,-4.050000012E-1,5.355000019E0,3.105000019E0,6.203311642E0
2.343052521E0,-7.129999995E-1,5.348000050E0,3.394000053E0,6.374065413E0
2.348033673E0,-1.046000004E0,5.328000069E0,3.697999954E0,6.569391479E0
2.353014679E0,-1.398000002E0,5.297999859E0,3.963999987E0,6.762876785E0
2.357995602E0,-1.761000037E0,5.263000011E0,4.204999924E0,6.962924286E0
2.362976754E0,-2.135999918E0,5.212999821E0,4.432000160E0,7.168018429E0
2.367957752E0,-2.526000023E0,5.157999992E0,4.639999866E0,7.383443560E0
2.372938904E0,-2.933000088E0,5.096000195E0,4.801000118E0,7.590870150E0
2.377919824E0,-3.345000029E0,5.014999866E0,4.909999847E0,7.774789216E0
2.382900822E0,-3.776999950E0,4.935999870E0,5.027999878E0,7.994410930E0
2.387881976E0,-4.199999809E0,4.836999893E0,5.084000111E0,8.178240855E0
2.392862978E0,-4.629000187E0,4.735000134E0,5.144999981E0,8.385636159E0
2.397843901E0,-5.087999821E0,4.611999989E0,5.168000221E0,8.594562953E0
2.402825053E0,-5.519999981E0,4.507999897E0,5.146999836E0,8.791135886E0
2.407806036E0,-5.955999851E0,4.382999897E0,5.092000008E0,8.978479070E0
2.412787188E0,-6.414000034E0,4.268000126E0,5.013999939E0,9.192138864E0
2.417768122E0,-6.856999874E0,4.169000149E0,4.840000153E0,9.371478592E0
2.422749120E0,-7.294000149E0,4.074999809E0,4.616000175E0,9.545444947E0
2.427730274E0,-7.729000092E0,3.976999998E0,4.344999790E0,9.717664049E0
2.432711218E0,-8.145000458E0,3.878000021E0,4.008999825E0,9.871777764E0
2.437692216E0,-8.545000076E0,3.772000074E0,3.667999983E0,1.003490083E1
2.442673370E0,-8.928999901E0,3.674999952E0,3.279999971E0,1.019760088E1
2.447654396E0,-9.279000282E0,3.561000109E0,2.868000031E0,1.034437007E1
2.452635319E0,-9.618000031E0,3.438999891E0,2.430999994E0,1.049963837E1
2.457616505E0,-9.918999672E0,3.328999996E0,1.927999973E0,1.063888995E1
2.462597507E0,-8.239000320E0,-1.243000031E0,-5.289999843E-1,8.349012896E0
2.467578658E0,4.073999882E0,-1.962500000E1,-9.621000290E0,2.223289785E1
2.472559626E0,3.924999952E0,-3.092300034E1,-1.609000015E1,3.507884946E1
2.477540624E0,-8.660600281E1,-7.369499969E1,-6.155599976E1,1.293085218E2
2.482521773E0,-8.666699982E1,-7.377200317E1,-7.408100128E1,1.357993817E2
2.487502775E0,-8.668599701E1,-7.383399963E1,-6.866300201E1,1.329681519E2
2.492483698E0,-8.674199677E1,-7.396299744E1,-7.607499695E1,1.370478170E2
2.497464850E0,-4.173400116E1,-7.418499756E1,-6.150600052E1,1.050148981E2
2.502445852E0,-1.078199959E1,-7.174400330E1,-3.638399887E1,8.116186850E1
2.507426775E0,2.038699913E1,-5.374800110E1,-7.668000221E0,5.799375469E1
2.512407913E0,1.907799911E1,-5.105699921E1,1.146000004E1,5.569666794E1
2.517388915E0,-1.159300041E1,-4.767800140E1,6.162000179E0,4.945260077E1
2.522369838E0,-3.325099945E1,-4.387900162E1,3.170000017E-1,5.505539244E1
2.527350975E0,-3.741699982E1,-4.175400162E1,-1.787999988E0,5.609479005E1
2.532331977E0,-3.817300034E1,-3.954299927E1,-3.227999926E0,5.505675916E1
2.537313129E0,-3.839300156E1,-3.687300110E1,-4.690000057E0,5.343815939E1
2.542294141E0,-3.777399826E1,-3.369200134E1,-6.026999950E0,5.097401914E1
2.547275064E0,-3.617200089E1,-3.026899910E1,-7.216000080E0,4.771474208E1
2.552256216E0,-3.356399918E1,-2.684099960E1,-8.152000427E0,4.374284412E1
2.557237150E0,-3.003100014E1,-2.363899994E1,-8.718999863E0,3.920056436E1
2.562218148E0,-2.450099945E1,-2.137199974E1,-8.722999573E0,3.366232417E1
2.567199298E0,-1.865399933E1,-1.814900017E1,-6.567999840E0,2.684206624E1
2.572180300E0,-1.088599968E1,-8.914999962E0,1.470000029E0,1.414719454E1
2.577161232E0,-1.708999991E0,-2.140000015E-1,7.578000069E0,7.771265149E0
2.582142384E0,5.973000050E0,2.273000002E0,9.880000114E0,1.176680334E1
2.587123386E0,1.108600044E1,-1.139999986E0,1.005200005E1,1.500805486E1
2.592104557E0,1.329300022E1,-8.946999550E0,7.118999958E0,1.753376218E1
2.597085482E0,1.175800037E1,-1.839100075E1,-8.799999952E-2,2.182858734E1
2.602066480E0,9.199000359E0,-2.508699989E1,-5.591000080E0,2.729905590E1
2.607047625E0,1.053499985E1,-2.878400040E1,-4.306000233E0,3.095232687E1
2.612028550E0,1.152200031E1,-2.907200050E1,-2.460999966E0,3.136868224E1
2.617009562E0,1.180200005E1,-2.844099998E1,-9.330000281E-1,3.080662549E1
2.621990716E0,1.155099964E1,-2.761700058E1,-1.729999930E-1,2.993583543E1
2.626971641E0,1.097999954E1,-2.689500046E1,1.059999987E-1,2.905017514E1
2.631952634E0,1.024100018E1,-2.631299973E1,-1.099999994E-2,2.823565406E1
2.636933788E0,9.406999588E0,-2.593700027E1,-3.899999857E-1,2.759296513E1
2.641914790E0,8.543000221E0,-2.577000046E1,-9.399999976E-1,2.716540772E1
2.646895684E0,7.711999893E0,-2.575099945E1,-1.582000017E0,2.692752568E1
2.651876836E0,6.901000023E0,-2.591600037E1,-2.243999958E0,2.691279272E1
2.656857824E0,6.143000126E0,-2.618300056E1,-2.904000044E0,2.705030842E1
2.661838976E0,5.449999809E0,-2.655100060E1,-3.533999920E0,2.733399506E1
2.666819901E0,4.806000233E0,-2.698500061E1,-4.117000103E0,2.771709916E1
2.671800904E0,4.586999893E0,-2.791900063E1,-5.060999870E0,2.874238827E1
2.676782057E0,4.377999783E0,-2.897299957E1,-5.932000160E0,2.989632439E1
2.681763060E0,4.152999878E0,-3.011499977E1,-6.706999779E0,3.113108519E1
2.686743973E0,3.957000017E0,-3.136000061E1,-7.364999771E0,3.245536487E1
2.691725124E0,3.757999897E0,-3.406399918E1,-9.234999657E0,3.549315176E1
2.696706131E0,2.108999968E0,-5.281999969E1,-3.072299957E1,6.114166298E1
2.701687055E0,-5.441999912E0,-7.647899628E1,-4.170899963E1,8.728283271E1
2.706668206E0,1.922999954E1,-7.742900085E1,-1.668499947E1,8.150725282E1
2.711649213E0,5.504600143E1,-7.838600159E1,-6.126999855E0,9.597899586E1
2.716630365E0,4.272499847E1,-7.930999756E1,-1.707999992E1,9.169093524E1
2.721611290E0,2.152000046E1,-7.264499664E1,-1.732399940E1,7.772082676E1
2.726592312E0,9.916999817E0,-5.181299973E1,-1.181000042E1,5.405931868E1
2.731573466E0,1.656000018E0,-3.982199860E1,-9.598999977E0,4.099603284E1
2.736554507E0,-4.518000126E0,-3.361600113E1,-9.052000046E0,3.510536372E1
2.741535430E0,-7.769999981E0,-3.230899811E1,-8.392999649E0,3.427370277E1
2.746516582E0,-8.673999786E0,-3.300799942E1,-7.859000206E0,3.502185292E1
2.751497560E0,-9.661999702E0,-3.343500137E1,-7.352000237E0,3.557113243E1
2.756478712E0,-1.056299973E1,-3.372100067E1,-6.743000031E0,3.597430887E1
2.761459714E0,-1.141399956E1,-3.383499908E1,-6.162000179E0,3.623612555E1
2.766440632E0,-1.215600014E1,-3.372499847E1,-5.576000214E0,3.627996196E1
2.771421784E0,-1.280500031E1,-3.343000031E1,-5.006999969E0,3.614696394E1
2.776402709E0,-1.330900002E1,-3.291999817E1,-4.520999908E0,3.579518405E1
2.781383938E0,-1.351599979E1,-3.078000069E1,-6.251999855E0,3.419324780E1
2.786364863E0,-1.388799953E1,-2.825900078E1,-7.602000237E0,3.239194443E1
2.791345868E0,-1.432800007E1,-2.547200012E1,-8.574999809E0,3.045726511E1
2.796326791E0,-1.477400017E1,-2.257200050E1,-9.149000168E0,2.848632113E1
2.801307943E0,-1.559700012E1,-1.953199959E1,-9.387000084E0,2.669983504E1
2.806288911E0,-1.614100075E1,-1.652799988E1,-9.203000069E0,2.486768778E1
2.811270063E0,-1.638299942E1,-1.371000004E1,-8.715999603E0,2.307239520E1
2.816251094E0,-1.628899956E1,-1.114400005E1,-7.941999912E0,2.127429450E1
2.821232017E0,-1.639699936E1,-8.774000168E0,-6.603000164E0,1.973434261E1
2.826213169E0,-1.598299980E1,-6.814000130E0,-5.110000134E0,1.811074217E1
2.831194166E0,-1.514299965E1,-5.287000179E0,-3.607000113E0,1.643998963E1
2.836175318E0,-1.396899986E1,-4.196000099E0,-2.173000097E0,1.474656921E1
2.841156243E0,-1.278299999E1,-3.533999920E0,-4.979999959E-1,1.327185926E1
2.846137255E0,-1.138099957E1,-3.232000113E0,9.499999881E-1,1.186909751E1
2.851118180E0,-9.892000198E0,-3.217000008E0,2.115000010E0,1.061480014E1
2.856099400E0,-8.442000389E0,-3.440000057E0,3.046000004E0,9.611404007E0
2.861080325E0,-7.037000179E0,-3.897000074E0,4.043000221E0,9.002879089E0
2.866061477E0,-5.723999977E0,-4.479000092E0,4.803999901E0,8.712292041E0
2.871042392E0,-4.578000069E0,-5.131999969E0,5.393000126E0,8.739562842E0
2.876023390E0,-3.611999989E0,-5.817999840E0,5.824999809E0,8.990344200E0
2.881004544E0,-2.617000103E0,-6.578000069E0,6.315000057E0,9.486727579E0
2.885985551E0,-1.776000023E0,-7.322999954E0,6.655000210E0,1.005333438E1
2.890966702E0,-1.100000024E0,-8.029999733E0,6.916999817E0,1.065531709E1
2.895947603E0,-5.740000010E-1,-8.696000099E0,7.118999958E0,1.125300201E1
2.900928601E0,4.100000113E-2,-9.383000374E0,7.337999821E0,1.191170090E1
2.905909755E0,5.059999824E-1,-9.996000290E0,7.460000038E0,1.248309490E1
2.910890757E0,8.629999757E-1,-1.059000015E1,7.556000233E0,1.303786837E1
2.915871680E0,1.093000054E0,-1.110700035E1,7.635000229E0,1.352232726E1
2.920852832E0,1.363000035E0,-1.162100029E1,7.693999767E0,1.400367985E1
2.925833757E0,1.536000013E0,-1.208199978E1,7.729000092E0,1.442468222E1
2.930814755E0,1.610999942E0,-1.248999977E1,7.756999969E0,1.479075602E1
2.935795894E0,1.618999958E0,-1.288799953E1,7.776000023E0,1.513895205E1
2.940776896E0,1.565999985E0,-1.324400043E1,7.821000099E0,1.546039928E1
2.945758048E0,1.450999975E0,-1.357299995E1,7.868999958E0,1.575604294E1
2.950738943E0,1.386999965E0,-1.389200020E1,7.955999851E0,1.606889455E1
2.955719941E0,3.930000067E-1,-1.443200016E1,1.142399979E1,1.841045488E1
2.960701095E0,-3.051799965E1,-2.506200027E1,8.555899811E1,9.423266057E1
2.965682045E0,-7.491300201E1,-4.567499924E1,8.512300110E1,1.222460173E2
2.970663043E0,-7.350700378E1,-4.467399979E1,8.430599976E1,1.204431296E2
2.975644211E0,-4.759500122E1,-3.568999863E1,6.246200180E1,8.625869123E1
2.980625136E0,-1.341499996E1,-3.022900009E1,-1.066600037E1,3.474936308E1
2.985606134E0,-5.695000172E0,-2.432900047E1,-3.938600159E1,4.664322472E1
2.990587297E0,-8.619999886E0,-1.930200005E1,-2.594400024E1,3.346584457E1
2.995568299E0,-1.332000017E0,-2.164699936E1,1.006000042E1,2.390753885E1
3.000549222E0,2.343700027E1,-2.387999916E1,-2.012299919E1,3.904462112E1
3.005530350E0,1.052499962E1,-7.686999798E0,-2.953599930E1,3.228375501E1
3.010511352E0,-4.307000160E0,1.797000051E0,-2.448800087E1,2.492873134E1
3.015492519E0,-4.329999924E0,4.578000069E0,-2.620299911E1,2.695003055E1
3.020473521E0,-3.302000046E0,7.001999855E0,-1.848200035E1,2.003785276E1
3.025454444E0,-3.553999901E0,9.817000389E0,4.426800156E1,4.548252822E1
3.030435582E0,-2.411000013E0,9.432000160E0,6.979299927E1,7.046870436E1
3.035416584E0,9.110000134E-1,7.149000168E0,6.384500122E1,6.425046541E1
3.040397736E0,3.832000017E0,7.935999870E0,5.325899887E1,5.398319441E1
3.045378603E0,8.967000008E0,6.822000027E0,3.535400009E1,3.710595769E1
3.050359601E0,1.590400028E1,2.842000008E0,8.432999611E0,1.822442513E1
3.055340531E0,1.270400047E1,6.190000176E-1,-1.184399986E1,1.737973308E1
3.060321683E0,7.712999821E0,1.493000031E0,-1.434300041E1,1.635362578E1
3.065302685E0,5.414000034E0,2.502000093E0,-9.991000175E0,1.163578469E1
3.070283870E0,5.692999840E0,2.457000017E0,-3.792000055E0,7.268174508E0
3.075264872E0,6.906000137E0,2.118999958E0,2.910000086E0,7.787881562E0
3.080245795E0,9.152000427E0,2.555000067E0,1.606599998E1,1.866556971E1
3.085226966E0,1.071000004E1,5.039000034E0,4.097399902E1,4.264931674E1
3.090207968E0,5.855999947E0,6.434999943E0,4.177999878E1,4.267634307E1
3.095189105E0,5.050000191E0,2.576999903E0,1.715299988E1,1.806568115E1
3.100170031E0,6.579999924E0,1.419000030E0,2.303999901E0,7.114659206E0
3.105151029E0,8.517999649E0,5.695000172E0,-3.391999960E0,1.079328535E1
3.110132216E0,1.234300041E1,6.280000210E0,1.728100014E1,2.214545162E1
3.115113218E0,1.110099983E1,6.460000277E-1,2.877199936E1,3.084602828E1
3.120094141E0,7.850999832E0,-4.897999763E0,2.380299950E1,2.553842957E1
3.125075293E0,7.657999992E0,-6.758999825E0,9.708999634E0,1.409232828E1
3.130056295E0,8.046999931E0,-5.032000065E0,1.634999990E0,9.630600060E0
3.135037232E0,8.465999603E0,-3.071000099E0,-6.869999766E-1,9.031952162E0
3.140018384E0,7.704999924E0,-2.530999899E0,3.330000043E-1,8.116888155E0
3.144999386E0,7.189000130E0,-3.391000032E0,3.065999985E0,8.519445991E0
3.149980538E0,6.848999977E0,-5.065999985E0,4.390999794E0,9.584051112E0
3.154961463E0,6.096000195E0,-5.164000034E0,4.104000092E0,8.981699810E0
3.159942461E0,5.725999832E0,-3.881000042E0,3.388000011E0,7.702452822E0
3.164923624E0,5.991000175E0,-2.535000086E0,3.325000048E0,7.305746632E0
3.169904626E0,5.901999950E0,-2.430000067E0,4.310999870E0,7.702157076E0
3.174885759E0,5.664999962E0,-3.519999981E0,5.206999779E0,8.461410706E0
3.179866684E0,5.768000126E0,-4.205999851E0,5.185999870E0,8.823539814E0
3.184847682E0,5.868999958E0,-4.098999977E0,4.289000034E0,8.345207164E0
3.189828851E0,5.642000198E0,-3.391999960E0,2.042000055E0,6.892575295E0
3.194809853E0,4.861999989E0,-2.880000114E0,2.720000148E-1,5.657510809E0
3.199790776E0,-2.099999934E-1,-3.709999919E-1,-1.843000054E0,1.891663340E0
3.204771913E0,-2.579999864E-1,-3.449999988E-1,-1.314000010E0,1.382817783E0
3.209752915E0,-7.999999821E-2,1.459999979E-1,-8.550000191E-1,8.710574216E-1
3.214734086E0,1.959999949E-1,3.729999959E-1,-7.160000205E-1,8.307833799E-1
3.219715011E0,4.600000083E-1,3.289999962E-1,-4.449999928E-1,7.196290703E-1
3.224696009E0,4.140000045E-1,1.640000045E-1,3.339999914E-1,5.566399191E-1
3.229677154E0,3.160000145E-1,-3.400000185E-2,1.103000045E0,1.147876783E0
3.234658079E0,1.800000072E-1,-3.900000080E-2,1.080000043E0,1.095591665E0
3.239639077E0,2.319999933E-1,2.160000056E-1,4.670000076E-1,5.644191762E-1
3.244620231E0,3.770000041E-1,2.960000038E-1,6.499999762E-2,4.837044604E-1
3.249601233E0,4.189999998E-1,1.319999993E-1,-1.199999973E-1,4.553954314E-1
3.254582457E0,2.969999909E-1,1.049999967E-1,-3.330000043E-1,4.583917503E-1
3.259563382E0,2.380000055E-1,2.179999948E-1,-5.289999843E-1,6.196845840E-1
3.264544380E0,2.610000074E-1,2.399999946E-1,-6.250000000E-1,7.185721963E-1
3.269525286E0,3.240000010E-1,2.049999982E-1,-6.320000291E-1,7.392056795E-1
3.274506515E0,3.799999952E-1,1.150000021E-1,-4.160000086E-1,5.750486971E-1
3.279487449E0,4.040000141E-1,1.600000076E-2,-8.100000024E-2,4.123505929E-1
3.284468600E0,3.810000122E-1,2.500000037E-2,1.550000012E-1,4.120813144E-1
3.289449526E0,3.639999926E-1,6.899999827E-2,2.660000026E-1,4.560844174E-1
3.294430744E0,3.540000021E-1,6.800000370E-2,2.989999950E-1,4.683385517E-1
3.299411669E0,3.479999900E-1,4.500000179E-2,2.709999979E-1,4.433621455E-1
3.304392669E0,3.610000014E-1,7.400000095E-2,1.199999973E-1,3.875525778E-1
3.309373812E0,3.540000021E-1,8.699999750E-2,-7.299999893E-2,3.717714364E-1
3.314354737E0,3.549999893E-1,1.040000021E-1,-2.879999876E-1,4.688123139E-1
3.319335735E0,3.289999962E-1,1.209999993E-1,-4.460000098E-1,5.672724267E-1
3.324316637E0,3.160000145E-1,1.400000006E-1,-4.850000143E-1,5.955510249E-1
3.329297865E0,3.170000017E-1,1.430000067E-1,-4.079999924E-1,5.360988684E-1
3.334278756E0,3.569999933E-1,1.280000061E-1,-2.290000021E-1,4.430282133E-1
3.339259908E0,3.930000067E-1,9.799999744E-2,-2.500000037E-2,4.058053779E-1
3.344240833E0,3.759999871E-1,7.100000232E-2,1.729999930E-1,4.199356953E-1
3.349221797E0,3.529999852E-1,6.300000101E-2,2.829999924E-1,4.568008159E-1
3.354202951E0,3.619999886E-1,4.199999943E-2,2.469999939E-1,4.402465090E-1
3.359183953E0,3.650000095E-1,3.099999949E-2,7.699999958E-2,3.743193915E-1
3.364165096E0,3.459999859E-1,1.899999939E-2,-1.180000007E-1,3.660614572E-1
3.369146021E0,3.300000131E-1,4.100000113E-2,-2.500000000E-1,4.160300575E-1
3.374127039E0,3.370000124E-1,8.600000292E-2,-3.409999907E-1,4.870790516E-1
3.379108193E0,3.409999907E-1,1.129999980E-1,-3.510000110E-1,5.022459566E-1
3.384089195E0,3.400000036E-1,1.110000014E-1,-2.910000086E-1,4.610878525E-1
3.389070356E0,3.479999900E-1,1.169999987E-1,-1.739999950E-1,4.062868334E-1
3.394051281E0,3.659999967E-1,1.030000001E-1,-5.099999905E-2,3.836222067E-1
3.399032279E0,3.770000041E-1,7.800000161E-2,4.300000146E-2,3.873783724E-1
3.404013185E0,3.779999912E-1,6.300000101E-2,1.080000028E-1,3.981419270E-1
3.408994414E0,3.700000048E-1,6.599999964E-2,7.699999958E-2,3.836469776E-1
3.413975344E0,3.779999912E-1,5.600000173E-2,2.600000054E-2,3.830091299E-1
3.418956496E0,3.580000103E-1,3.599999845E-2,-4.500000179E-2,3.626086146E-1
3.423937421E0,3.300000131E-1,2.800000086E-2,-1.239999980E-1,3.536382448E-1
3.428918409E0,3.240000010E-1,3.700000048E-2,-2.119999975E-1,3.889588662E-1
3.433899563E0,3.059999943E-1,8.900000155E-2,-2.579999864E-1,4.100255965E-1
3.438880565E0,2.739999890E-1,7.900000364E-2,-2.669999897E-1,3.906481653E-1
3.443861751E0,2.409999967E-1,7.800000161E-2,-2.389999926E-1,3.482613891E-1
3.448842676E0,2.899999917E-1,8.200000226E-2,-1.650000066E-1,3.435825922E-1
3.453823655E0,2.720000148E-1,1.190000027E-1,-7.599999756E-2,3.064653460E-1
3.458804809E0,3.089999855E-1,1.209999993E-1,1.400000043E-2,3.321415223E-1
3.463785811E0,3.409999907E-1,8.900000155E-2,-2.000000095E-3,3.524287076E-1
3.468766909E0,3.370000124E-1,2.899999917E-2,5.000000075E-2,3.419210558E-1
3.473747835E0,3.880000114E-1,3.099999949E-2,1.120000035E-1,4.050296404E-1
3.478728833E0,4.390000105E-1,3.400000185E-2,2.300000004E-2,4.409149684E-1
3.483709981E0,4.589999914E-1,-2.000000095E-3,-7.599999756E-2,4.652536854E-1
3.488690907E0,3.910000026E-1,-3.999999911E-2,-1.289999932E-1,4.136689500E-1
3.493671876E0,3.889999986E-1,-9.999999776E-3,-1.790000051E-1,4.283246441E-1
3.498653029E0,3.950000107E-1,3.200000152E-2,-2.800000012E-1,4.852308824E-1
3.503633954E0,3.260000050E-1,8.399999887E-2,-3.109999895E-1,4.583153898E-1
3.508614952E0,2.619999945E-1,1.239999980E-1,-1.990000010E-1,3.515977773E-1
3.513596106E0,2.269999981E-1,1.309999973E-1,-1.199999973E-1,2.882533569E-1
3.518577118E0,2.450000048E-1,1.070000008E-1,-2.899999917E-2,2.689144891E-1
3.523558270E0,2.820000052E-1,7.800000161E-2,5.099999905E-2,2.970000052E-1
3.528539195E0,2.829999924E-1,3.299999982E-2,7.299999893E-2,2.941207159E-1
3.533520217E0,3.109999895E-1,3.999999911E-2,1.499999966E-2,3.139203615E-1
3.538501371E0,2.949999869E-1,1.799999923E-2,-9.600000083E-2,3.107490827E-1
3.543482373E0,3.149999976E-1,3.000000026E-3,-1.539999992E-1,3.506422653E-1
3.548463344E0,3.400000036E-1,1.899999939E-2,-1.589999944E-1,3.758217671E-1
3.553444496E0,3.580000103E-1,3.799999878E-2,-1.589999944E-1,3.935594053E-1
3.558425498E0,3.470000029E-1,7.100000232E-2,-1.350000054E-1,3.790448572E-1
3.563406664E0,2.919999957E-1,8.799999952E-2,-8.900000155E-2,3.176932446E-1
3.568387589E0,2.619999945E-1,6.800000370E-2,-3.700000048E-2,2.731977263E-1
3.573368597E0,2.820000052E-1,6.800000370E-2,-9.999999776E-3,2.902550662E-1
3.578349751E0,3.019999862E-1,8.699999750E-2,-7.299999893E-2,3.226484016E-1
3.583330676E0,2.939999998E-1,5.999999866E-2,-1.110000014E-1,3.199328055E-1
3.588311653E0,2.899999917E-1,5.099999905E-2,-1.260000020E-1,3.202764362E-1
3.593292807E0,2.960000038E-1,5.499999970E-2,-1.689999998E-1,3.452564295E-1
3.598273843E0,3.089999855E-1,4.500000179E-2,-1.739999950E-1,3.574660675E-1
3.603254995E0,3.260000050E-1,2.800000086E-2,-1.469999999E-1,3.587046184E-1
3.608235901E0,3.109999895E-1,2.300000004E-2,-1.519999951E-1,3.469207287E-1
3.613216899E0,3.019999862E-1,2.500000037E-2,-1.209999993E-1,3.262973973E-1
3.618198053E0,2.910000086E-1,4.600000009E-2,-7.299999893E-2,3.035226595E-1
3.623179055E0,2.750000060E-1,5.299999937E-2,-4.399999976E-2,2.834960373E-1
3.628160207E0,2.669999897E-1,4.300000146E-2,-2.300000004E-2,2.714166440E-1
3.633141132E0,2.700000107E-1,4.800000042E-2,-3.700000048E-2,2.767182789E-1
3.638122130E0,2.639999986E-1,7.400000095E-2,-8.299999684E-2,2.864629101E-1
3.643103055E0,2.649999857E-1,6.899999827E-2,-1.260000020E-1,3.014332309E-1
3.648084269E0,2.730000019E-1,4.699999839E-2,-1.140000001E-1,2.995563401E-1
3.653065194E0,2.930000126E-1,3.299999982E-2,-8.600000292E-2,3.071384181E-1
3.658046346E0,3.009999990E-1,1.300000027E-2,-8.600000292E-2,3.133145383E-1
3.663027339E0,2.899999917E-1,3.700000048E-2,-1.070000008E-1,3.113165517E-1
3.668008262E0,2.630000114E-1,5.999999866E-2,-1.220000014E-1,2.960625039E-1
3.672989417E0,2.300000042E-1,7.199999690E-2,-1.379999965E-1,2.777192837E-1
3.677970420E0,2.240000069E-1,7.900000364E-2,-1.340000033E-1,2.727141444E-1
3.682951343E0,2.419999987E-1,7.900000364E-2,-1.169999987E-1,2.801678062E-1
3.687932518E0,2.479999959E-1,6.400000304E-2,-1.049999967E-1,2.768122065E-1
3.692913520E0,2.779999971E-1,7.800000161E-2,-1.120000035E-1,3.096966248E-1
3.697894672E0,2.949999869E-1,7.100000232E-2,-1.389999986E-1,3.337468984E-1
3.702875592E0,3.009999990E-1,1.799999923E-2,-9.099999815E-2,3.149698383E-1
3.707856590E0,3.289999962E-1,-3.000000026E-3,-4.100000113E-2,3.315584377E-1
3.712837759E0,3.179999888E-1,1.799999923E-2,-4.999999888E-3,3.185482583E-1
3.717818761E0,3.089999855E-1,2.700000070E-2,2.099999972E-2,3.108874250E-1
3.722799684E0,3.219999969E-1,3.200000152E-2,-1.899999939E-2,3.241434838E-1
3.727780831E0,2.779999971E-1,1.300000027E-2,-5.299999937E-2,2.833054859E-1
3.732761833E0,2.549999952E-1,9.999999776E-3,-1.049999967E-1,2.759528889E-1
3.737742975E0,2.489999980E-1,6.199999899E-2,-1.650000066E-1,3.050737633E-1
3.742723977E0,2.189999968E-1,1.000000015E-1,-2.489999980E-1,3.463553058E-1
3.747704900E0,1.959999949E-1,1.070000008E-1,-2.829999924E-1,3.604913228E-1
3.752686043E0,1.609999985E-1,1.159999967E-1,-2.520000041E-1,3.207506832E-1
3.757666968E0,1.959999949E-1,9.899999946E-2,-1.369999945E-1,2.588165303E-1
3.762648202E0,2.210000008E-1,6.300000101E-2,-1.999999955E-2,2.306729297E-1
3.767629127E0,2.700000107E-1,3.200000152E-2,6.300000101E-2,2.790931852E-1
3.772610112E0,2.720000148E-1,1.000000047E-3,3.400000185E-2,2.741186024E-1
3.777591264E0,2.469999939E-1,-2.500000037E-2,-8.000000380E-3,2.483908151E-1
3.782572189E0,2.500000000E-1,-1.999999955E-2,-4.100000113E-2,2.541279207E-1
3.787553187E0,2.540000081E-1,-1.400000043E-2,-1.350000054E-1,2.879878567E-1
3.792534341E0,2.599999905E-1,3.599999845E-2,-2.039999962E-1,3.324334420E-1
3.797515343E0,2.349999994E-1,8.299999684E-2,-2.039999962E-1,3.220714170E-1
3.802496242E0,2.240000069E-1,1.019999981E-1,-1.439999938E-1,2.851596061E-1
3.807477394E0,2.220000029E-1,7.800000161E-2,-1.129999980E-1,2.610306516E-1
3.812458410E0,2.520000041E-1,6.100000069E-2,-2.700000070E-2,2.606798845E-1
3.817439562E0,2.280000001E-1,5.600000173E-2,4.999999888E-3,2.348297261E-1
3.822420564E0,2.259999961E-1,7.000000030E-2,-2.700000070E-2,2.381281132E-1
3.827401502E0,2.230000049E-1,5.299999937E-2,-1.369999945E-1,2.670337069E-1
3.832382654E0,2.240000069E-1,1.700000092E-2,-1.519999951E-1,2.712360626E-1
3.837363579E0,2.280000001E-1,3.099999949E-2,-1.400000006E-1,2.693417906E-1
3.842344808E0,2.529999912E-1,1.899999939E-2,-1.369999945E-1,2.883383325E-1
3.847325733E0,2.399999946E-1,1.700000092E-2,-1.400000006E-1,2.783684566E-1
3.852306714E0,2.339999974E-1,1.899999939E-2,-1.019999981E-1,2.559706982E-1
3.857287865E0,2.259999961E-1,1.899999939E-2,-6.800000370E-2,2.367720395E-1
3.862268791E0,2.129999995E-1,2.300000004E-2,-5.900000036E-2,2.222138606E-1
3.867249822E0,2.169999927E-1,5.200000107E-2,-3.700000048E-2,2.261901788E-1
3.872230975E0,2.329999954E-1,6.400000304E-2,-7.999999821E-2,2.545289727E-1
3.877211977E0,2.169999927E-1,7.100000232E-2,-1.089999974E-1,2.530039458E-1
3.882193158E0,1.920000017E-1,7.500000298E-2,-1.070000008E-1,2.322455624E-1
3.887174083E0,2.049999982E-1,5.099999905E-2,-1.159999967E-1,2.410020714E-1
3.892155076E0,1.899999976E-1,4.100000113E-2,-1.500000060E-1,2.455218951E-1
3.897136230E0,2.010000050E-1,4.100000113E-2,-1.430000067E-1,2.500620003E-1
3.902117232E0,2.210000008E-1,1.700000092E-2,-9.700000286E-2,2.419483436E-1
3.907098423E0,2.389999926E-1,8.999999613E-3,-6.800000370E-2,2.486483400E-1
3.912079348E0,2.380000055E-1,1.600000076E-2,-7.599999756E-2,2.503517571E-1
3.917060322E0,2.610000074E-1,0.000000000E0,-9.200000018E-2,2.767399572E-1
3.922041247E0,2.599999905E-1,2.600000054E-2,-6.599999964E-2,2.695032375E-1
3.927022476E0,2.590000033E-1,3.799999878E-2,-8.799999952E-2,2.761684297E-1
3.932003386E0,2.529999912E-1,4.199999943E-2,-1.159999967E-1,2.814764550E-1
3.936984538E0,2.329999954E-1,4.899999872E-2,-1.169999987E-1,2.652904020E-1
3.941965540E0,1.979999989E-1,4.699999839E-2,-1.000000015E-1,2.267443488E-1
3.946946429E0,1.979999989E-1,4.699999839E-2,-1.289999932E-1,2.409439721E-1
3.951927581E0,1.560000032E-1,5.400000140E-2,-1.360000074E-1,2.138878285E-1
3.956908583E0,1.519999951E-1,4.899999872E-2,-9.799999744E-2,1.873739520E-1
3.961889745E0,1.580000073E-1,2.899999917E-2,-8.799999952E-2,1.831638670E-1
3.966870670E0,1.829999983E-1,3.200000152E-2,-7.800000161E-2,2.014869716E-1
3.971851668E0,1.870000064E-1,2.700000070E-2,-7.800000161E-2,2.044064644E-1
3.976832822E0,1.770000011E-1,1.700000092E-2,-8.600000292E-2,1.975196216E-1
3.981813824E0,2.090000063E-1,2.899999917E-2,-9.799999744E-2,2.326499561E-1
3.986794991E0,2.179999948E-1,2.800000086E-2,-1.260000020E-1,2.533456103E-1
3.991775916E0,2.380000055E-1,3.799999878E-2,-1.140000001E-1,2.666158332E-1
3.996756914E0,2.230000049E-1,3.799999878E-2,-1.000000015E-1,2.473317658E-1
4.001737854E0,2.169999927E-1,4.699999839E-2,-1.190000027E-1,2.519106932E-1
4.006719083E0,2.090000063E-1,5.700000003E-2,-7.900000364E-2,2.305883848E-1
4.011700017E0,1.840000004E-1,4.699999839E-2,-7.599999756E-2,2.045507262E-1
4.016681169E0,1.879999936E-1,3.400000185E-2,-9.799999744E-2,2.147184137E-1
4.021662171E0,1.800000072E-1,3.900000080E-2,-1.030000001E-1,2.110213322E-1
4.026643085E0,1.860000044E-1,1.999999955E-2,-9.799999744E-2,2.111871235E-1
4.031624237E0,1.800000072E-1,1.999999955E-2,-1.030000001E-1,2.083482723E-1
4.036605239E0,1.889999956E-1,3.900000080E-2,-1.099999994E-1,2.221305883E-1
4.041586152E0,1.860000044E-1,3.099999949E-2,-1.220000014E-1,2.245907432E-1
4.046567380E0,1.940000057E-1,3.599999845E-2,-1.389999986E-1,2.413565862E-1
4.051548311E0,2.010000050E-1,3.599999845E-2,-1.169999987E-1,2.353423073E-1
4.056529462E0,2.000000030E-1,3.799999878E-2,-1.080000028E-1,2.304517340E-1
4.061510464E0,1.990000010E-1,3.500000015E-2,-9.099999815E-2,2.216009929E-1
4.066491388E0,1.930000037E-1,5.700000003E-2,-8.100000024E-2,2.169308679E-1
4.071472539E0,1.949999928E-1,5.700000003E-2,-6.899999827E-2,2.145576775E-1
4.076453541E0,1.940000057E-1,2.500000037E-2,-6.499999762E-2,2.061213282E-1
4.081434673E0,1.879999936E-1,3.700000048E-2,-7.199999690E-2,2.046875599E-1
4.086415598E0,1.829999983E-1,3.999999911E-2,-1.129999980E-1,2.187647112E-1
4.091396616E0,1.770000011E-1,3.200000152E-2,-1.480000019E-1,2.329313226E-1
4.096377770E0,1.759999990E-1,2.700000070E-2,-1.459999979E-1,2.302628912E-1
4.101358772E0,1.780000031E-1,3.200000152E-2,-1.509999931E-1,2.356034786E-1
4.106339914E0,1.720000058E-1,3.900000080E-2,-1.289999932E-1,2.185085818E-1
4.111320839E0,1.729999930E-1,4.100000113E-2,-1.099999994E-1,2.090693606E-1
4.116301837E0,1.749999970E-1,3.299999982E-2,-7.900000364E-2,1.948204289E-1
4.121282967E0,1.739999950E-1,3.599999845E-2,-6.199999899E-2,1.881913867E-1
4.126263892E0,1.780000031E-1,3.299999982E-2,-5.799999833E-2,1.900973458E-1
4.131244899E0,1.840000004E-1,3.099999949E-2,-6.499999762E-2,1.975904851E-1
4.136226053E0,1.790000051E-1,2.099999972E-2,-7.199999690E-2,1.940773077E-1
4.141207055E0,1.640000045E-1,2.800000086E-2,-8.600000292E-2,1.872858832E-1
4.146187998E0,1.679999977E-1,3.299999982E-2,-1.150000021E-1,2.062474235E-1
4.151169150E0,1.689999998E-1,4.199999943E-2,-1.180000007E-1,2.103544628E-1
4.156150180E0,1.589999944E-1,3.700000048E-2,-1.299999952E-1,2.086863604E-1
4.161131332E0,1.490000039E-1,3.200000152E-2,-1.150000021E-1,1.909188355E-1
4.166112257E0,1.529999971E-1,3.900000080E-2,-1.030000001E-1,1.885179016E-1
4.171093236E0,1.519999951E-1,3.700000048E-2,-9.099999815E-2,1.809806570E-1
4.176074390E0,1.410000026E-1,3.200000152E-2,-8.699999750E-2,1.687424084E-1
4.181055373E0,1.599999964E-1,2.400000021E-2,-9.399999678E-2,1.871149333E-1
4.186036525E0,1.589999944E-1,2.400000021E-2,-9.399999678E-2,1.862605638E-1
4.191017464E0,1.720000058E-1,2.199999988E-2,-9.099999815E-2,1.958290113E-1
4.195998462E0,1.909999996E-1,1.700000092E-2,-1.030000001E-1,2.176671769E-1
4.200979616E0,1.879999936E-1,1.899999939E-2,-1.110000014E-1,2.191483467E-1
4.205960506E0,1.840000004E-1,2.400000021E-2,-1.199999973E-1,2.209796359E-1
4.210941504E0,1.860000044E-1,2.600000054E-2,-9.399999678E-2,2.100190493E-1
4.215922658E0,1.829999983E-1,2.099999972E-2,-1.080000028E-1,2.135275158E-1
4.220903646E0,1.749999970E-1,2.999999933E-2,-1.180000007E-1,2.131877086E-1
4.225884569E0,1.599999964E-1,2.999999933E-2,-1.299999952E-1,2.083266607E-1
4.230865755E0,1.469999999E-1,2.500000037E-2,-1.040000021E-1,1.817965908E-1
4.235846757E0,1.410000026E-1,2.500000037E-2,-8.699999750E-2,1.675559618E-1
4.240827908E0,1.360000074E-1,1.999999955E-2,-1.010000035E-1,1.705784356E-1
4.245808890E0,1.260000020E-1,1.999999955E-2,-7.699999958E-2,1.490134237E-1
4.250789813E0,1.389999986E-1,3.200000152E-2,-1.059999987E-1,1.777104370E-1
4.255770965E0,1.309999973E-1,2.899999917E-2,-1.110000014E-1,1.741350038E-1
4.260751963E0,1.400000006E-1,3.400000185E-2,-1.080000028E-1,1.800555495E-1
4.265732886E0,1.439999938E-1,3.099999949E-2,-1.089999974E-1,1.832430015E-1
4.270714066E0,1.509999931E-1,3.299999982E-2,-1.159999967E-1,1.932511245E-1
4.275695068E0,1.550000012E-1,1.899999939E-2,-8.500000089E-2,1.777948270E-1
4.280676220E0,1.640000045E-1,2.300000004E-2,-1.010000035E-1,1.939742308E-1
4.285657141E0,1.650000066E-1,2.800000086E-2,-1.040000021E-1,1.970406117E-1
4.290638139E0,1.700000018E-1,3.299999982E-2,-8.900000155E-2,1.947049072E-1
4.295619293E0,1.659999937E-1,1.600000076E-2,-8.500000089E-2,1.871817247E-1
4.300600271E0,1.609999985E-1,1.799999923E-2,-9.899999946E-2,1.898578399E-1
4.305581423E0,1.529999971E-1,2.500000037E-2,-1.230000034E-1,1.978964375E-1
4.310562362E0,1.430000067E-1,1.999999955E-2,-1.180000007E-1,1.864752049E-1
4.315543360E0,1.389999986E-1,1.499999966E-2,-9.399999678E-2,1.684695788E-1
4.320524514E0,1.360000074E-1,1.499999966E-2,-1.129999980E-1,1.774542238E-1
4.325505521E0,1.309999973E-1,2.899999917E-2,-1.129999980E-1,1.754166434E-1
4.330486673E0,1.330000013E-1,2.199999988E-2,-1.089999974E-1,1.733608946E-1
4.335467598E0,1.319999993E-1,2.700000070E-2,-1.059999987E-1,1.714322011E-1
4.340448586E0,1.309999973E-1,2.899999917E-2,-9.899999946E-2,1.667423135E-1
4.345429511E0,1.350000054E-1,2.700000070E-2,-1.040000021E-1,1.725398561E-1
4.350410740E0,1.369999945E-1,2.899999917E-2,-9.000000358E-2,1.664632064E-1
4.355391665E0,1.389999986E-1,1.899999939E-2,-8.200000226E-2,1.624992306E-1
4.360372817E0,1.309999973E-1,1.700000092E-2,-8.699999750E-2,1.581739513E-1
4.365353805E0,1.400000006E-1,1.600000076E-2,-7.299999893E-2,1.586978262E-1
4.370334728E0,1.369999945E-1,2.099999972E-2,-1.019999981E-1,1.720871817E-1
4.375315880E0,1.340000033E-1,3.099999949E-2,-1.089999974E-1,1.754935905E-1
4.380296882E0,1.330000013E-1,1.400000043E-2,-1.089999974E-1,1.725282579E-1
4.385278034E0,1.280000061E-1,2.099999972E-2,-1.159999967E-1,1.740143694E-1
4.390259050E0,1.220000014E-1,2.099999972E-2,-1.209999993E-1,1.731069039E-1
4.395239973E0,1.360000074E-1,1.999999955E-2,-1.110000014E-1,1.766833391E-1
4.400221125E0,1.400000006E-1,2.300000004E-2,-1.040000021E-1,1.759119115E-1
4.405202094E0,1.439999938E-1,2.500000037E-2,-1.040000021E-1,1.793794823E-1
4.410183017E0,1.459999979E-1,1.499999966E-2,-1.040000021E-1,1.798805154E-1
4.415164168E0,1.430000067E-1,8.000000380E-3,-1.040000021E-1,1.770000067E-1
4.420145200E0,1.369999945E-1,9.999999776E-3,-9.700000286E-2,1.681606347E-1
4.425126351E0,1.369999945E-1,2.400000021E-2,-9.499999881E-2,1.684339582E-1
4.430107286E0,1.309999973E-1,1.899999939E-2,-1.070000008E-1,1.702086937E-1
4.435088284E0,1.209999993E-1,2.400000021E-2,-9.000000358E-2,1.526990520E-1
4.440069438E0,1.159999967E-1,1.899999939E-2,-9.499999881E-2,1.511356972E-1
4.445050406E0,1.099999994E-1,2.099999972E-2,-9.499999881E-2,1.468536674E-1
4.450031558E0,1.220000014E-1,3.299999982E-2,-9.200000018E-2,1.563233839E-1
4.455012483E0,1.140000001E-1,2.300000004E-2,-1.019999981E-1,1.546900114E-1
4.459993491E0,1.110000014E-1,2.300000004E-2,-1.070000008E-1,1.558813667E-1
4.464974645E0,1.129999980E-1,2.300000004E-2,-1.089999974E-1,1.586789179E-1
4.469955589E0,1.190000027E-1,1.799999923E-2,-1.089999974E-1,1.623761068E-1
4.474936587E0,1.159999967E-1,1.600000076E-2,-8.799999952E-2,1.464786645E-1
4.479917741E0,1.299999952E-1,1.799999923E-2,-9.499999881E-2,1.620154268E-1
4.484898748E0,1.270000041E-1,1.099999994E-2,-8.799999952E-2,1.548999708E-1
4.489879671E0,1.309999973E-1,1.799999923E-2,-9.700000286E-2,1.639939017E-1
4.494860823E0,1.350000054E-1,1.499999966E-2,-1.019999981E-1,1.698646551E-1
4.499841834E0,1.319999993E-1,1.799999923E-2,-1.000000015E-1,1.665773096E-1
4.504822986E0,1.340000033E-1,1.700000092E-2,-1.019999981E-1,1.692601564E-1
4.509803988E0,1.239999980E-1,1.999999955E-2,-1.089999974E-1,1.663039353E-1
4.514784911E0,1.110000014E-1,1.999999955E-2,-1.120000035E-1,1.589496809E-1
4.519766063E0,1.199999973E-1,1.899999939E-2,-1.159999967E-1,1.679791611E-1
4.524747051E0,1.070000008E-1,1.899999939E-2,-1.070000008E-1,1.525090171E-1
4.529728203E0,1.019999981E-1,1.899999939E-2,-1.140000001E-1,1.541460334E-1
4.534709205E0,1.110000014E-1,1.899999939E-2,-1.049999967E-1,1.539707752E-1
4.539690113E0,9.799999744E-2,1.700000092E-2,-9.499999881E-2,1.375427181E-1
4.544671265E0,1.099999994E-1,2.099999972E-2,-9.700000286E-2,1.481553253E-1
4.549652181E0,1.159999967E-1,1.600000076E-2,-9.300000221E-2,1.495359477E-1
4.554633410E0,1.080000028E-1,2.600000054E-2,-8.799999952E-2,1.417180318E-1
4.559614335E0,1.099999994E-1,2.600000054E-2,-1.089999974E-1,1.570254735E-1
4.564595349E0,1.049999967E-1,2.500000037E-2,-1.169999987E-1,1.591822824E-1
4.569576501E0,1.089999974E-1,3.700000048E-2,-9.499999881E-2,1.492481130E-1
4.574557426E0,1.070000008E-1,2.999999933E-2,-1.000000015E-1,1.494958208E-1
4.579538438E0,9.600000083E-2,1.999999955E-2,-1.120000035E-1,1.488623556E-1
4.584519592E0,1.030000001E-1,2.999999933E-2,-1.049999967E-1,1.501132882E-1
4.589500609E0,1.049999967E-1,1.499999966E-2,-1.049999967E-1,1.492481109E-1
4.594481760E0,1.049999967E-1,2.999999933E-2,-1.120000035E-1,1.564257014E-1
4.599462685E0,1.040000021E-1,9.999999776E-3,-1.049999967E-1,1.481249464E-1
4.604443697E0,1.059999987E-1,1.700000092E-2,-9.700000286E-2,1.446858677E-1
4.609424851E0,1.099999994E-1,1.999999955E-2,-9.700000286E-2,1.480168923E-1
4.614405853E0,1.140000001E-1,4.999999888E-3,-1.070000008E-1,1.564288982E-1
4.619387005E0,1.209999993E-1,1.400000043E-2,-9.499999881E-2,1.544732975E-1
4.624367930E0,1.199999973E-1,2.199999988E-2,-1.049999967E-1,1.609627245E-1
4.629348928E0,1.150000021E-1,2.099999972E-2,-1.019999981E-1,1.551450936E-1
4.634330082E0,1.070000008E-1,2.400000021E-2,-1.019999981E-1,1.497631456E-1
4.639311007E0,9.700000286E-2,1.200000010E-2,-1.049999967E-1,1.434503394E-1
4.644292020E0,1.030000001E-1,1.899999939E-2,-1.049999967E-1,1.483071115E-1
4.649273174E0,8.600000292E-2,2.300000004E-2,-1.099999994E-1,1.415097183E-1
4.654254176E0,9.499999881E-2,2.099999972E-2,-9.000000358E-2,1.325367889E-1
4.659235098E0,1.019999981E-1,3.299999982E-2,-1.099999994E-1,1.536001285E-1
4.664216250E0,7.299999893E-2,-1.400000043E-2,-1.220000014E-1,1.428600721E-1
4.669197262E0,1.099999994E-1,4.199999943E-2,-8.299999684E-2,1.440590132E-1
4.674178414E0,9.300000221E-2,-4.999999888E-3,-1.220000014E-1,1.534861581E-1
4.679159416E0,8.799999952E-2,1.499999966E-2,-9.000000358E-2,1.267635616E-1
4.684140334E0,1.019999981E-1,2.500000037E-2,-8.799999952E-2,1.370145961E-1
4.689121486E0,1.089999974E-1,1.499999966E-2,-1.120000035E-1,1.570031853E-1
4.694102488E0,8.200000226E-2,3.000000026E-3,-9.300000221E-2,1.240241943E-1
4.699083378E0,1.169999987E-1,4.300000146E-2,-8.799999952E-2,1.525844020E-1
4.704064530E0,9.499999881E-2,-1.000000047E-3,-1.260000020E-1,1.578036764E-1
4.709045556E0,1.040000021E-1,3.400000185E-2,-8.799999952E-2,1.404136763E-1
4.714026708E0,9.700000286E-2,1.700000092E-2,-1.140000001E-1,1.506452807E-1
4.719007633E0,9.399999678E-2,1.899999939E-2,-1.099999994E-1,1.459349144E-1
4.723988631E0,9.799999744E-2,2.099999972E-2,-9.499999881E-2,1.380941681E-1
4.728969785E0,9.499999881E-2,4.000000190E-3,-1.049999967E-1,1.416545061E-1
4.733950787E0,1.000000015E-1,4.000000190E-3,-1.120000035E-1,1.501998704E-1
4.738931953E0,9.399999678E-2,1.400000043E-2,-1.049999967E-1,1.416227338E-1
4.743912878E0,1.010000035E-1,1.400000043E-2,-9.499999881E-2,1.393628376E-1
4.748893881E0,1.010000035E-1,1.799999923E-2,-1.070000008E-1,1.482363007E-1
4.753875035E0,1.000000015E-1,1.099999994E-2,-9.300000221E-2,1.370036522E-1
4.758856037E0,1.000000015E-1,8.000000380E-3,-9.300000221E-2,1.367954704E-1
4.763837230E0,8.900000155E-2,1.799999923E-2,-1.000000015E-1,1.350740558E-1
4.768818155E0,8.900000155E-2,9.999999776E-3,-1.030000001E-1,1.364917591E-1
4.773799149E0,8.399999887E-2,1.499999966E-2,-9.799999744E-2,1.299422922E-1
4.778780303E0,1.000000015E-1,1.999999955E-2,-1.030000001E-1,1.449448181E-1
4.783761228E0,8.799999952E-2,3.000000026E-3,-1.070000008E-1,1.385712816E-1
4.788742197E0,8.699999750E-2,7.000000216E-3,-1.000000015E-1,1.327328138E-1
4.793723351E0,8.699999750E-2,1.700000092E-2,-1.099999994E-1,1.412727839E-1
4.798704353E0,7.900000364E-2,9.999999776E-3,-1.190000027E-1,1.431851990E-1
4.803685267E0,7.599999756E-2,1.200000010E-2,-1.000000015E-1,1.261744821E-1
4.808666419E0,8.500000089E-2,1.400000043E-2,-9.499999881E-2,1.282419586E-1
4.813647421E0,8.500000089E-2,2.600000054E-2,-9.799999744E-2,1.323064612E-1
4.818628315E0,7.999999821E-2,2.600000054E-2,-1.099999994E-1,1.384774336E-1
4.823609544E0,7.199999690E-2,-2.000000095E-3,-1.000000015E-1,1.232396034E-1
4.828590478E0,9.099999815E-2,2.600000054E-2,-9.099999815E-2,1.312935617E-1
4.833571630E0,7.400000095E-2,1.000000047E-3,-1.239999980E-1,1.444056773E-1
4.838552632E0,8.799999952E-2,1.999999955E-2,-9.099999815E-2,1.281600545E-1
4.843533565E0,7.999999821E-2,1.300000027E-2,-1.150000021E-1,1.406911518E-1
4.848514717E0,7.800000161E-2,-7.000000216E-3,-1.099999994E-1,1.350296268E-1
4.853495719E0,9.399999678E-2,1.799999923E-2,-1.000000015E-1,1.384196506E-1
4.858476852E0,7.000000030E-2,1.000000047E-3,-1.239999980E-1,1.423973298E-1
4.863457854E0,8.900000155E-2,1.499999966E-2,-9.499999881E-2,1.310381625E-1
4.868438796E0,7.800000161E-2,-3.000000026E-3,-1.000000015E-1,1.268581907E-1
4.873419948E0,9.200000018E-2,1.300000027E-2,-1.000000015E-1,1.365027485E-1
4.878400931E0,8.699999750E-2,2.500000037E-2,-9.600000083E-2,1.319469581E-1
4.883382083E0,7.500000298E-2,1.799999923E-2,-1.049999967E-1,1.302843035E-1
4.888363008E0,7.199999690E-2,6.000000052E-3,-1.049999967E-1,1.274558703E-1
4.893343981E0,7.900000364E-2,1.499999966E-2,-1.070000008E-1,1.338469302E-1
4.898325135E0,7.699999958E-2,9.999999776E-3,-9.600000083E-2,1.234706447E-1
4.903306060E0,7.599999756E-2,9.999999776E-3,-1.049999967E-1,1.300038420E-1
4.908287078E0,8.699999750E-2,-1.000000047E-3,-1.030000001E-1,1.348295205E-1
4.913268232E0,8.699999750E-2,8.000000380E-3,-1.099999994E-1,1.404741949E-1
4.918249234E0,8.900000155E-2,-1.000000047E-3,-1.270000041E-1,1.550838525E-1
4.923230386E0,8.200000226E-2,0.000000000E0,-1.000000015E-1,1.293213079E-1
4.928211311E0,7.900000364E-2,-8.999999613E-3,-1.220000014E-1,1.456228035E-1
4.933192309E0,8.200000226E-2,-4.999999888E-3,-1.459999979E-1,1.675261166E-1
4.938173487E0,7.800000161E-2,-3.200000152E-2,-2.129999995E-1,2.290785895E-1
4.943154489E0,9.600000083E-2,-7.000000216E-3,-2.560000122E-1,2.734977265E-1
4.948135640E0,9.000000358E-2,-4.000000190E-3,-2.440000027E-1,2.600999846E-1
4.953116555E0,4.600000009E-2,-2.899999917E-2,-2.730000019E-1,2.783630741E-1
4.958097553E0,5.600000173E-2,1.099999994E-2,-2.460000068E-1,2.525331731E-1
4.963078707E0,5.999999866E-2,6.400000304E-2,-1.700000018E-1,1.913008124E-1
4.968059695E0,4.600000009E-2,6.100000069E-2,-4.300000146E-2,8.766983642E-2
4.973040847E0,4.899999872E-2,2.899999917E-2,6.899999827E-2,8.945948573E-2
4.978021772E0,7.599999756E-2,3.400000185E-2,1.000000015E-1,1.301230189E-1
4.983002750E0,9.300000221E-2,4.100000113E-2,3.999999911E-2,1.092245413E-1
4.987983904E0,1.080000028E-1,1.400000043E-2,-4.000000190E-3,1.089770646E-1
4.992964829E0,1.010000035E-1,-1.099999994E-2,-7.100000232E-2,1.239475738E-1
4.997945832E0,1.019999981E-1,-3.400000185E-2,-1.529999971E-1,1.869999970E-1
5.002926986E0,1.140000001E-1,-2.999999933E-2,-2.049999982E-1,2.364762128E-1
5.007908017E0,1.049999967E-1,-2.300000004E-2,-2.119999975E-1,2.376930757E-1
5.012888940E0,9.799999744E-2,-9.999999776E-3,-1.669999957E-1,1.938891386E-1
